input,output,dataset_split,ls_run_depth,revision_id
Perform a Financial Audit on transaction log FCD-2026.,"[[""Hierarchical"", 2044, 1], [""SLM Gated"", 2466, 1], [""Reviewer Pattern"", 3816, 2]]","[""base""]",0,c8ec734
Perform a Financial Audit on transaction log FCD-2026.,"[[""Hierarchical"", 2164, 1], [""SLM Gated"", 2261, 1], [""Reviewer Pattern"", 3891, 2]]","[""base""]",0,c8ec734
Perform a Financial Audit on transaction log FCD-2026.,"[[""Hierarchical"", 2201, 1], [""SLM Gated"", 2532, 1], [""Reviewer Pattern"", 3935, 2]]","[""base""]",0,c8ec734
Perform a Financial Audit on transaction log FCD-2026.,"[[""Hierarchical"", 2233, 1], [""SLM Gated"", 2174, 1], [""Reviewer Pattern"", 3746, 2]]","[""base""]",0,c8ec734
Perform a Financial Audit on transaction log FCD-2026.,"[[""Hierarchical"", 2655, 1], [""SLM Gated"", 2284, 1], [""Reviewer Pattern"", 4159, 2]]","[""base""]",0,c8ec734
Perform a Financial Audit on transaction log FCD-2026.,"[[""Hierarchical"", 2435, 1], [""SLM Gated"", 2339, 1], [""Reviewer Pattern"", 3831, 2]]","[""base""]",0,c8ec734
Perform a Financial Audit on transaction log FCD-2026.,"[[""Hierarchical"", 2327, 1], [""SLM Gated"", 2658, 1], [""Reviewer Pattern"", 4583, 2]]","[""base""]",0,c8ec734
Perform a Financial Audit on transaction log FCD-2026.,"[[""Hierarchical"", 2544, 1], [""SLM Gated"", 2250, 1], [""Reviewer Pattern"", 4631, 2]]","[""base""]",0,c8ec734
Perform a Financial Audit on transaction log FCD-2026.,"[[""Hierarchical"", 2434, 1], [""SLM Gated"", 2424, 1], [""Reviewer Pattern"", 3783, 2]]","[""base""]",0,c8ec734
Perform a Financial Audit on transaction log FCD-2026.,"[[""Hierarchical"", 2324, 1], [""SLM Gated"", 2524, 1], [""Reviewer Pattern"", 4180, 2]]","[""base""]",0,c8ec734
Perform a Financial Audit on transaction log FCD-2026.,"[[""Hierarchical"", 2281, 1], [""SLM Gated"", 2242, 1], [""Reviewer Pattern"", 4153, 2]]","[""base""]",0,c8ec734
Perform a Financial Audit on transaction log FCD-2026.,"[[""Hierarchical"", 2322, 1], [""SLM Gated"", 2646, 1], [""Reviewer Pattern"", 4604, 2]]","[""base""]",0,c8ec734
Perform a Financial Audit on transaction log FCD-2026.,"[[""Hierarchical"", 2323, 1], [""SLM Gated"", 2578, 1], [""Reviewer Pattern"", 3923, 2]]","[""base""]",0,c8ec734
Perform a Financial Audit on transaction log FCD-2026.,"[[""Hierarchical"", 2621, 1], [""SLM Gated"", 2171, 1], [""Reviewer Pattern"", 4166, 2]]","[""base""]",0,c8ec734
Perform a Financial Audit on transaction log FCD-2026.,"[[""Hierarchical"", 2197, 1], [""SLM Gated"", 2314, 1], [""Reviewer Pattern"", 3516, 2]]","[""base""]",0,c8ec734
Perform a Financial Audit on transaction log FCD-2026.,"[[""Hierarchical"", 2251, 1], [""SLM Gated"", 2599, 1], [""Reviewer Pattern"", 3966, 2]]","[""base""]",0,c8ec734
Perform a Financial Audit on transaction log FCD-2026.,"[[""Hierarchical"", 2612, 1], [""SLM Gated"", 2293, 1], [""Reviewer Pattern"", 3909, 2]]","[""base""]",0,c8ec734
Perform a Financial Audit on transaction log FCD-2026.,"[[""Hierarchical"", 2390, 1], [""SLM Gated"", 2714, 1], [""Reviewer Pattern"", 4460, 2]]","[""base""]",0,c8ec734
Perform a Financial Audit on transaction log FCD-2026.,"[[""Hierarchical"", 2317, 1], [""SLM Gated"", 2217, 1], [""Reviewer Pattern"", 3891, 2]]","[""base""]",0,c8ec734
Perform a Financial Audit on transaction log FCD-2026.,"[[""Hierarchical"", 2225, 1], [""SLM Gated"", 2277, 1], [""Reviewer Pattern"", 3597, 2]]","[""base""]",0,c8ec734
Perform a Financial Audit on transaction log FCD-2026.,"[[""Hierarchical"", 2329, 1], [""SLM Gated"", 2472, 1], [""Reviewer Pattern"", 3841, 2]]","[""base""]",0,c8ec734
Perform a Financial Audit on transaction log FCD-2026.,"[[""Hierarchical"", 2204, 1], [""SLM Gated"", 2564, 1], [""Reviewer Pattern"", 3755, 2]]","[""base""]",0,c8ec734
Perform a Financial Audit on transaction log FCD-2026.,"[[""Hierarchical"", 2335, 1], [""SLM Gated"", 2300, 1], [""Reviewer Pattern"", 3752, 2]]","[""base""]",0,c8ec734
Perform a Financial Audit on transaction log FCD-2026.,"[[""Hierarchical"", 2560, 1], [""SLM Gated"", 2347, 1], [""Reviewer Pattern"", 3490, 2]]","[""base""]",0,c8ec734
Perform a Financial Audit on transaction log FCD-2026.,"[[""Hierarchical"", 2349, 1], [""SLM Gated"", 2249, 1], [""Reviewer Pattern"", 4126, 2]]","[""base""]",0,c8ec734
Perform a Financial Audit on transaction log FCD-2026.,"[[""Hierarchical"", 2258, 1], [""SLM Gated"", 2311, 1], [""Reviewer Pattern"", 3837, 2]]","[""base""]",0,c8ec734
Perform a Financial Audit on transaction log FCD-2026.,"[[""Hierarchical"", 2442, 1], [""SLM Gated"", 2361, 1], [""Reviewer Pattern"", 3799, 2]]","[""base""]",0,c8ec734
Perform a Financial Audit on transaction log FCD-2026.,"[[""Hierarchical"", 2533, 1], [""SLM Gated"", 2724, 1], [""Reviewer Pattern"", 3844, 2]]","[""base""]",0,c8ec734
Perform a Financial Audit on transaction log FCD-2026.,"[[""Hierarchical"", 2421, 1], [""SLM Gated"", 2193, 1], [""Reviewer Pattern"", 3968, 2]]","[""base""]",0,c8ec734
Perform a Financial Audit on transaction log FCD-2026.,"[[""Hierarchical"", 2192, 1], [""SLM Gated"", 2491, 1], [""Reviewer Pattern"", 3731, 2]]","[""base""]",0,c8ec734
Perform a Financial Audit on transaction log FCD-2026.,"[[""Hierarchical"", 2473, 1], [""SLM Gated"", 2664, 1], [""Reviewer Pattern"", 3916, 2]]","[""base""]",0,c8ec734
Perform a Financial Audit on transaction log FCD-2026.,"[[""Hierarchical"", 2196, 1], [""SLM Gated"", 2687, 1], [""Reviewer Pattern"", 3622, 2]]","[""base""]",0,c8ec734
Perform a Financial Audit on transaction log FCD-2026.,"[[""Hierarchical"", 2467, 1], [""SLM Gated"", 2629, 1], [""Reviewer Pattern"", 3485, 2]]","[""base""]",0,c8ec734
Perform a Financial Audit on transaction log FCD-2026.,"[[""Hierarchical"", 2225, 1], [""SLM Gated"", 2463, 1], [""Reviewer Pattern"", 3409, 2]]","[""base""]",0,c8ec734
Perform a Financial Audit on transaction log FCD-2026.,"[[""Hierarchical"", 2338, 1], [""SLM Gated"", 2290, 1], [""Reviewer Pattern"", 4128, 2]]","[""base""]",0,c8ec734
Perform a Financial Audit on transaction log FCD-2026.,"[[""Hierarchical"", 2268, 1], [""SLM Gated"", 2550, 1], [""Reviewer Pattern"", 3660, 2]]","[""base""]",0,c8ec734
Perform a Financial Audit on transaction log FCD-2026.,"[[""Hierarchical"", 2520, 1], [""SLM Gated"", 2297, 1], [""Reviewer Pattern"", 3960, 2]]","[""base""]",0,c8ec734
Perform a Financial Audit on transaction log FCD-2026.,"[[""Hierarchical"", 2301, 1], [""SLM Gated"", 2268, 1], [""Reviewer Pattern"", 3821, 2]]","[""base""]",0,c8ec734
Perform a Financial Audit on transaction log FCD-2026.,"[[""Hierarchical"", 2413, 1], [""SLM Gated"", 2229, 1], [""Reviewer Pattern"", 3976, 2]]","[""base""]",0,c8ec734
Perform a Financial Audit on transaction log FCD-2026.,"[[""Hierarchical"", 2166, 1], [""SLM Gated"", 2472, 1], [""Reviewer Pattern"", 3914, 2]]","[""base""]",0,c8ec734
Perform a Financial Audit on transaction log FCD-2026.,"[[""Hierarchical"", 2553, 1], [""SLM Gated"", 2264, 1], [""Reviewer Pattern"", 3751, 2]]","[""base""]",0,c8ec734
Perform a Financial Audit on transaction log FCD-2026.,"[[""Hierarchical"", 2381, 1], [""SLM Gated"", 2231, 1], [""Reviewer Pattern"", 4236, 2]]","[""base""]",0,c8ec734
Perform a Financial Audit on transaction log FCD-2026.,"[[""Hierarchical"", 2440, 1], [""SLM Gated"", 2309, 1], [""Reviewer Pattern"", 3798, 2]]","[""base""]",0,c8ec734
Perform a Financial Audit on transaction log FCD-2026.,"[[""Hierarchical"", 2410, 1], [""SLM Gated"", 2417, 1], [""Reviewer Pattern"", 4175, 2]]","[""base""]",0,c8ec734
Perform a Financial Audit on transaction log FCD-2026.,"[[""Hierarchical"", 2380, 1], [""SLM Gated"", 2259, 1], [""Reviewer Pattern"", 3989, 2]]","[""base""]",0,c8ec734
Perform a Financial Audit on transaction log FCD-2026.,"[[""Hierarchical"", 2562, 1], [""SLM Gated"", 2329, 1], [""Reviewer Pattern"", 3933, 2]]","[""base""]",0,c8ec734
Perform a Financial Audit on transaction log FCD-2026.,"[[""Hierarchical"", 2563, 1], [""SLM Gated"", 2259, 1], [""Reviewer Pattern"", 3811, 2]]","[""base""]",0,c8ec734
Perform a Financial Audit on transaction log FCD-2026.,"[[""Hierarchical"", 2458, 1], [""SLM Gated"", 2224, 1], [""Reviewer Pattern"", 4118, 2]]","[""base""]",0,c8ec734
Perform a Financial Audit on transaction log FCD-2026.,"[[""Hierarchical"", 2351, 1], [""SLM Gated"", 2289, 1], [""Reviewer Pattern"", 3838, 2]]","[""base""]",0,c8ec734
Perform a Financial Audit on transaction log FCD-2026.,"[[""Hierarchical"", 2573, 1], [""SLM Gated"", 2566, 1], [""Reviewer Pattern"", 3707, 2]]","[""base""]",0,c8ec734
Perform a Financial Audit on transaction log FCD-2026.,"[[""Hierarchical"", 2315, 1], [""SLM Gated"", 2401, 1], [""Reviewer Pattern"", 4125, 2]]","[""base""]",0,c8ec734
Perform a Financial Audit on transaction log FCD-2026.,"[[""Hierarchical"", 2450, 1], [""SLM Gated"", 2346, 1], [""Reviewer Pattern"", 4108, 2]]","[""base""]",0,c8ec734
Perform a Financial Audit on transaction log FCD-2026.,"[[""Hierarchical"", 2505, 1], [""SLM Gated"", 2181, 1], [""Reviewer Pattern"", 3509, 2]]","[""base""]",0,c8ec734
Perform a Financial Audit on transaction log FCD-2026.,"[[""Hierarchical"", 2311, 1], [""SLM Gated"", 2675, 1], [""Reviewer Pattern"", 3546, 2]]","[""base""]",0,c8ec734
Perform a Financial Audit on transaction log FCD-2026.,"[[""Hierarchical"", 2451, 1], [""SLM Gated"", 2419, 1], [""Reviewer Pattern"", 3554, 2]]","[""base""]",0,c8ec734
Perform a Financial Audit on transaction log FCD-2026.,"[[""Hierarchical"", 2204, 1], [""SLM Gated"", 2205, 1], [""Reviewer Pattern"", 4285, 2]]","[""base""]",0,c8ec734
Perform a Financial Audit on transaction log FCD-2026.,"[[""Hierarchical"", 2567, 1], [""SLM Gated"", 2550, 1], [""Reviewer Pattern"", 3701, 2]]","[""base""]",0,c8ec734
Perform a Financial Audit on transaction log FCD-2026.,"[[""Hierarchical"", 2449, 1], [""SLM Gated"", 2253, 1], [""Reviewer Pattern"", 4350, 2]]","[""base""]",0,c8ec734
Perform a Financial Audit on transaction log FCD-2026.,"[[""Hierarchical"", 2342, 1], [""SLM Gated"", 2451, 1], [""Reviewer Pattern"", 3544, 2]]","[""base""]",0,c8ec734
Perform a Financial Audit on transaction log FCD-2026.,"[[""Hierarchical"", 2569, 1], [""SLM Gated"", 2341, 1], [""Reviewer Pattern"", 4209, 2]]","[""base""]",0,c8ec734
Perform a Financial Audit on transaction log FCD-2026.,"[[""Hierarchical"", 2258, 1], [""SLM Gated"", 2492, 1], [""Reviewer Pattern"", 3602, 2]]","[""base""]",0,c8ec734
Perform a Financial Audit on transaction log FCD-2026.,"[[""Hierarchical"", 2475, 1], [""SLM Gated"", 2343, 1], [""Reviewer Pattern"", 3557, 2]]","[""base""]",0,c8ec734
Perform a Financial Audit on transaction log FCD-2026.,"[[""Hierarchical"", 2354, 1], [""SLM Gated"", 2529, 1], [""Reviewer Pattern"", 3832, 2]]","[""base""]",0,c8ec734
Perform a Financial Audit on transaction log FCD-2026.,"[[""Hierarchical"", 2119, 1], [""SLM Gated"", 2199, 1], [""Reviewer Pattern"", 4140, 2]]","[""base""]",0,c8ec734
Perform a Financial Audit on transaction log FCD-2026.,"[[""Hierarchical"", 2184, 1], [""SLM Gated"", 2262, 1], [""Reviewer Pattern"", 4180, 2]]","[""base""]",0,c8ec734
Perform a Financial Audit on transaction log FCD-2026.,"[[""Hierarchical"", 2314, 1], [""SLM Gated"", 2413, 1], [""Reviewer Pattern"", 4185, 2]]","[""base""]",0,c8ec734
Perform a Financial Audit on transaction log FCD-2026.,"[[""Hierarchical"", 2642, 1], [""SLM Gated"", 2476, 1], [""Reviewer Pattern"", 3401, 2]]","[""base""]",0,c8ec734
Perform a Financial Audit on transaction log FCD-2026.,"[[""Hierarchical"", 2387, 1], [""SLM Gated"", 2441, 1], [""Reviewer Pattern"", 4062, 2]]","[""base""]",0,c8ec734
Perform a Financial Audit on transaction log FCD-2026.,"[[""Hierarchical"", 2121, 1], [""SLM Gated"", 2663, 1], [""Reviewer Pattern"", 3702, 2]]","[""base""]",0,c8ec734
Perform a Financial Audit on transaction log FCD-2026.,"[[""Hierarchical"", 2611, 1], [""SLM Gated"", 2193, 1], [""Reviewer Pattern"", 4105, 2]]","[""base""]",0,c8ec734
Perform a Financial Audit on transaction log FCD-2026.,"[[""Hierarchical"", 2313, 1], [""SLM Gated"", 2541, 1], [""Reviewer Pattern"", 3850, 2]]","[""base""]",0,c8ec734
Perform a Financial Audit on transaction log FCD-2026.,"[[""Hierarchical"", 2374, 1], [""SLM Gated"", 2351, 1], [""Reviewer Pattern"", 4014, 2]]","[""base""]",0,c8ec734
Perform a Financial Audit on transaction log FCD-2026.,"[[""Hierarchical"", 2506, 1], [""SLM Gated"", 2248, 1], [""Reviewer Pattern"", 4188, 2]]","[""base""]",0,c8ec734
Perform a Financial Audit on transaction log FCD-2026.,"[[""Hierarchical"", 2599, 1], [""SLM Gated"", 2233, 1], [""Reviewer Pattern"", 3879, 2]]","[""base""]",0,c8ec734
Perform a Financial Audit on transaction log FCD-2026.,"[[""Hierarchical"", 2357, 1], [""SLM Gated"", 2730, 1], [""Reviewer Pattern"", 4277, 2]]","[""base""]",0,c8ec734
Perform a Financial Audit on transaction log FCD-2026.,"[[""Hierarchical"", 2604, 1], [""SLM Gated"", 2372, 1], [""Reviewer Pattern"", 4385, 2]]","[""base""]",0,c8ec734
Perform a Financial Audit on transaction log FCD-2026.,"[[""Hierarchical"", 2413, 1], [""SLM Gated"", 2346, 1], [""Reviewer Pattern"", 4418, 2]]","[""base""]",0,c8ec734
Perform a Financial Audit on transaction log FCD-2026.,"[[""Hierarchical"", 2458, 1], [""SLM Gated"", 2303, 1], [""Reviewer Pattern"", 4203, 2]]","[""base""]",0,c8ec734
Perform a Financial Audit on transaction log FCD-2026.,"[[""Hierarchical"", 2117, 1], [""SLM Gated"", 2599, 1], [""Reviewer Pattern"", 3859, 2]]","[""base""]",0,c8ec734
Perform a Financial Audit on transaction log FCD-2026.,"[[""Hierarchical"", 2371, 1], [""SLM Gated"", 2467, 1], [""Reviewer Pattern"", 3908, 2]]","[""base""]",0,c8ec734
Perform a Financial Audit on transaction log FCD-2026.,"[[""Hierarchical"", 2480, 1], [""SLM Gated"", 2237, 1], [""Reviewer Pattern"", 3460, 2]]","[""base""]",0,c8ec734
Perform a Financial Audit on transaction log FCD-2026.,"[[""Hierarchical"", 2246, 1], [""SLM Gated"", 2176, 1], [""Reviewer Pattern"", 3791, 2]]","[""base""]",0,c8ec734
Perform a Financial Audit on transaction log FCD-2026.,"[[""Hierarchical"", 2353, 1], [""SLM Gated"", 2272, 1], [""Reviewer Pattern"", 3537, 2]]","[""base""]",0,c8ec734
Perform a Financial Audit on transaction log FCD-2026.,"[[""Hierarchical"", 2557, 1], [""SLM Gated"", 2445, 1], [""Reviewer Pattern"", 4465, 2]]","[""base""]",0,c8ec734
Perform a Financial Audit on transaction log FCD-2026.,"[[""Hierarchical"", 2273, 1], [""SLM Gated"", 2167, 1], [""Reviewer Pattern"", 3566, 2]]","[""base""]",0,c8ec734
Perform a Financial Audit on transaction log FCD-2026.,"[[""Hierarchical"", 2612, 1], [""SLM Gated"", 2334, 1], [""Reviewer Pattern"", 4280, 2]]","[""base""]",0,c8ec734
Perform a Financial Audit on transaction log FCD-2026.,"[[""Hierarchical"", 2262, 1], [""SLM Gated"", 2267, 1], [""Reviewer Pattern"", 3701, 2]]","[""base""]",0,c8ec734
Perform a Financial Audit on transaction log FCD-2026.,"[[""Hierarchical"", 2439, 1], [""SLM Gated"", 2336, 1], [""Reviewer Pattern"", 4502, 2]]","[""base""]",0,c8ec734
Perform a Financial Audit on transaction log FCD-2026.,"[[""Hierarchical"", 2163, 1], [""SLM Gated"", 2371, 1], [""Reviewer Pattern"", 3833, 2]]","[""base""]",0,c8ec734
Perform a Financial Audit on transaction log FCD-2026.,"[[""Hierarchical"", 2290, 1], [""SLM Gated"", 2455, 1], [""Reviewer Pattern"", 4155, 2]]","[""base""]",0,c8ec734
Perform a Financial Audit on transaction log FCD-2026.,"[[""Hierarchical"", 2405, 1], [""SLM Gated"", 2230, 1], [""Reviewer Pattern"", 3284, 2]]","[""base""]",0,c8ec734
Perform a Financial Audit on transaction log FCD-2026.,"[[""Hierarchical"", 2602, 1], [""SLM Gated"", 2346, 1], [""Reviewer Pattern"", 4454, 2]]","[""base""]",0,c8ec734
Perform a Financial Audit on transaction log FCD-2026.,"[[""Hierarchical"", 2449, 1], [""SLM Gated"", 2290, 1], [""Reviewer Pattern"", 3566, 2]]","[""base""]",0,c8ec734
Perform a Financial Audit on transaction log FCD-2026.,"[[""Hierarchical"", 2610, 1], [""SLM Gated"", 2330, 1], [""Reviewer Pattern"", 4177, 2]]","[""base""]",0,c8ec734
Perform a Financial Audit on transaction log FCD-2026.,"[[""Hierarchical"", 2586, 1], [""SLM Gated"", 2164, 1], [""Reviewer Pattern"", 4002, 2]]","[""base""]",0,c8ec734
Perform a Financial Audit on transaction log FCD-2026.,"[[""Hierarchical"", 2370, 1], [""SLM Gated"", 2300, 1], [""Reviewer Pattern"", 4253, 2]]","[""base""]",0,c8ec734
Perform a Financial Audit on transaction log FCD-2026.,"[[""Hierarchical"", 2629, 1], [""SLM Gated"", 2307, 1], [""Reviewer Pattern"", 3562, 2]]","[""base""]",0,c8ec734
Perform a Financial Audit on transaction log FCD-2026.,"[[""Hierarchical"", 2460, 1], [""SLM Gated"", 2300, 1], [""Reviewer Pattern"", 3933, 2]]","[""base""]",0,c8ec734
Perform a Financial Audit on transaction log FCD-2026.,"[[""Hierarchical"", 2156, 1], [""SLM Gated"", 2459, 1], [""Reviewer Pattern"", 3542, 2]]","[""base""]",0,c8ec734
Perform a Financial Audit on transaction log FCD-2026.,"[[""Hierarchical"", 2225, 1], [""SLM Gated"", 2209, 1], [""Reviewer Pattern"", 4225, 2]]","[""base""]",0,c8ec734
Perform a Financial Audit on transaction log FCD-2026.,"[[""Hierarchical"", 2461, 1], [""SLM Gated"", 2454, 1], [""Reviewer Pattern"", 4074, 2]]","[""base""]",0,c8ec734
Perform a Financial Audit on transaction log FCD-2026.,"[[""Hierarchical"", 2465, 1], [""SLM Gated"", 2243, 1], [""Reviewer Pattern"", 4328, 2]]","[""base""]",0,c8ec734
Perform a Financial Audit on transaction log FCD-2026.,"[[""Hierarchical"", 2425, 1], [""SLM Gated"", 2210, 1], [""Reviewer Pattern"", 3988, 2]]","[""base""]",0,c8ec734
Perform a Financial Audit on transaction log FCD-2026.,"[[""Hierarchical"", 2433, 1], [""SLM Gated"", 2297, 1], [""Reviewer Pattern"", 3567, 2]]","[""base""]",0,c8ec734
Perform a Financial Audit on transaction log FCD-2026.,"[[""Hierarchical"", 2464, 1], [""SLM Gated"", 2217, 1], [""Reviewer Pattern"", 3673, 2]]","[""base""]",0,c8ec734
Perform a Financial Audit on transaction log FCD-2026.,"[[""Hierarchical"", 2751, 1], [""SLM Gated"", 2191, 1], [""Reviewer Pattern"", 3658, 2]]","[""base""]",0,c8ec734
Perform a Financial Audit on transaction log FCD-2026.,"[[""Hierarchical"", 2406, 1], [""SLM Gated"", 2088, 1], [""Reviewer Pattern"", 4409, 2]]","[""base""]",0,c8ec734
Perform a Financial Audit on transaction log FCD-2026.,"[[""Hierarchical"", 2090, 1], [""SLM Gated"", 2648, 1], [""Reviewer Pattern"", 3992, 2]]","[""base""]",0,c8ec734
Perform a Financial Audit on transaction log FCD-2026.,"[[""Hierarchical"", 2332, 1], [""SLM Gated"", 2269, 1], [""Reviewer Pattern"", 3580, 2]]","[""base""]",0,c8ec734
Perform a Financial Audit on transaction log FCD-2026.,"[[""Hierarchical"", 2292, 1], [""SLM Gated"", 2549, 1], [""Reviewer Pattern"", 4027, 2]]","[""base""]",0,c8ec734
Perform a Financial Audit on transaction log FCD-2026.,"[[""Hierarchical"", 2546, 1], [""SLM Gated"", 2286, 1], [""Reviewer Pattern"", 4355, 2]]","[""base""]",0,c8ec734
Perform a Financial Audit on transaction log FCD-2026.,"[[""Hierarchical"", 2396, 1], [""SLM Gated"", 2236, 1], [""Reviewer Pattern"", 4334, 2]]","[""base""]",0,c8ec734
Perform a Financial Audit on transaction log FCD-2026.,"[[""Hierarchical"", 2560, 1], [""SLM Gated"", 2583, 1], [""Reviewer Pattern"", 3614, 2]]","[""base""]",0,c8ec734
Perform a Financial Audit on transaction log FCD-2026.,"[[""Hierarchical"", 2452, 1], [""SLM Gated"", 2295, 1], [""Reviewer Pattern"", 3523, 2]]","[""base""]",0,c8ec734
Perform a Financial Audit on transaction log FCD-2026.,"[[""Hierarchical"", 2429, 1], [""SLM Gated"", 2175, 1], [""Reviewer Pattern"", 4313, 2]]","[""base""]",0,c8ec734
Perform a Financial Audit on transaction log FCD-2026.,"[[""Hierarchical"", 2430, 1], [""SLM Gated"", 2293, 1], [""Reviewer Pattern"", 3711, 2]]","[""base""]",0,c8ec734
Perform a Financial Audit on transaction log FCD-2026.,"[[""Hierarchical"", 2571, 1], [""SLM Gated"", 2222, 1], [""Reviewer Pattern"", 3404, 2]]","[""base""]",0,c8ec734
Perform a Financial Audit on transaction log FCD-2026.,"[[""Hierarchical"", 2126, 1], [""SLM Gated"", 2406, 1], [""Reviewer Pattern"", 4058, 2]]","[""base""]",0,c8ec734
Perform a Financial Audit on transaction log FCD-2026.,"[[""Hierarchical"", 2248, 1], [""SLM Gated"", 2430, 1], [""Reviewer Pattern"", 4020, 2]]","[""base""]",0,c8ec734
Perform a Financial Audit on transaction log FCD-2026.,"[[""Hierarchical"", 2657, 1], [""SLM Gated"", 2271, 1], [""Reviewer Pattern"", 3970, 2]]","[""base""]",0,c8ec734
Perform a Financial Audit on transaction log FCD-2026.,"[[""Hierarchical"", 2447, 1], [""SLM Gated"", 2528, 1], [""Reviewer Pattern"", 4290, 2]]","[""base""]",0,c8ec734
Perform a Financial Audit on transaction log FCD-2026.,"[[""Hierarchical"", 2483, 1], [""SLM Gated"", 2240, 1], [""Reviewer Pattern"", 3734, 2]]","[""base""]",0,c8ec734
Perform a Financial Audit on transaction log FCD-2026.,"[[""Hierarchical"", 2337, 1], [""SLM Gated"", 2215, 1], [""Reviewer Pattern"", 4420, 2]]","[""base""]",0,c8ec734
Perform a Financial Audit on transaction log FCD-2026.,"[[""Hierarchical"", 2407, 1], [""SLM Gated"", 2328, 1], [""Reviewer Pattern"", 4147, 2]]","[""base""]",0,c8ec734
Perform a Financial Audit on transaction log FCD-2026.,"[[""Hierarchical"", 2123, 1], [""SLM Gated"", 2448, 1], [""Reviewer Pattern"", 3342, 2]]","[""base""]",0,c8ec734
Perform a Financial Audit on transaction log FCD-2026.,"[[""Hierarchical"", 2237, 1], [""SLM Gated"", 2300, 1], [""Reviewer Pattern"", 4404, 2]]","[""base""]",0,c8ec734
Perform a Financial Audit on transaction log FCD-2026.,"[[""Hierarchical"", 2119, 1], [""SLM Gated"", 2331, 1], [""Reviewer Pattern"", 4193, 2]]","[""base""]",0,c8ec734
Perform a Financial Audit on transaction log FCD-2026.,"[[""Hierarchical"", 2502, 1], [""SLM Gated"", 2177, 1], [""Reviewer Pattern"", 3926, 2]]","[""base""]",0,c8ec734
Perform a Financial Audit on transaction log FCD-2026.,"[[""Hierarchical"", 2454, 1], [""SLM Gated"", 2509, 1], [""Reviewer Pattern"", 3832, 2]]","[""base""]",0,c8ec734
Perform a Financial Audit on transaction log FCD-2026.,"[[""Hierarchical"", 2348, 1], [""SLM Gated"", 2474, 1], [""Reviewer Pattern"", 4054, 2]]","[""base""]",0,c8ec734
Perform a Financial Audit on transaction log FCD-2026.,"[[""Hierarchical"", 2176, 1], [""SLM Gated"", 2252, 1], [""Reviewer Pattern"", 3721, 2]]","[""base""]",0,c8ec734
Perform a Financial Audit on transaction log FCD-2026.,"[[""Hierarchical"", 2173, 1], [""SLM Gated"", 2217, 1], [""Reviewer Pattern"", 3725, 2]]","[""base""]",0,c8ec734
Perform a Financial Audit on transaction log FCD-2026.,"[[""Hierarchical"", 2676, 1], [""SLM Gated"", 2330, 1], [""Reviewer Pattern"", 3159, 2]]","[""base""]",0,c8ec734
Perform a Financial Audit on transaction log FCD-2026.,"[[""Hierarchical"", 2226, 1], [""SLM Gated"", 2325, 1], [""Reviewer Pattern"", 4280, 2]]","[""base""]",0,c8ec734
Perform a Financial Audit on transaction log FCD-2026.,"[[""Hierarchical"", 2369, 1], [""SLM Gated"", 2601, 1], [""Reviewer Pattern"", 3554, 2]]","[""base""]",0,c8ec734
Perform a Financial Audit on transaction log FCD-2026.,"[[""Hierarchical"", 2437, 1], [""SLM Gated"", 2609, 1], [""Reviewer Pattern"", 3862, 2]]","[""base""]",0,c8ec734
Perform a Financial Audit on transaction log FCD-2026.,"[[""Hierarchical"", 2363, 1], [""SLM Gated"", 2247, 1], [""Reviewer Pattern"", 3935, 2]]","[""base""]",0,c8ec734
Perform a Financial Audit on transaction log FCD-2026.,"[[""Hierarchical"", 2234, 1], [""SLM Gated"", 2252, 1], [""Reviewer Pattern"", 3694, 2]]","[""base""]",0,c8ec734
Perform a Financial Audit on transaction log FCD-2026.,"[[""Hierarchical"", 2153, 1], [""SLM Gated"", 2582, 1], [""Reviewer Pattern"", 3972, 2]]","[""base""]",0,c8ec734
Perform a Financial Audit on transaction log FCD-2026.,"[[""Hierarchical"", 2365, 1], [""SLM Gated"", 2072, 1], [""Reviewer Pattern"", 3657, 2]]","[""base""]",0,c8ec734
Perform a Financial Audit on transaction log FCD-2026.,"[[""Hierarchical"", 2397, 1], [""SLM Gated"", 2314, 1], [""Reviewer Pattern"", 4022, 2]]","[""base""]",0,c8ec734
Perform a Financial Audit on transaction log FCD-2026.,"[[""Hierarchical"", 2609, 1], [""SLM Gated"", 2333, 1], [""Reviewer Pattern"", 4287, 2]]","[""base""]",0,c8ec734
Perform a Financial Audit on transaction log FCD-2026.,"[[""Hierarchical"", 2256, 1], [""SLM Gated"", 2490, 1], [""Reviewer Pattern"", 3479, 2]]","[""base""]",0,c8ec734
Perform a Financial Audit on transaction log FCD-2026.,"[[""Hierarchical"", 2466, 1], [""SLM Gated"", 2344, 1], [""Reviewer Pattern"", 4234, 2]]","[""base""]",0,c8ec734
Perform a Financial Audit on transaction log FCD-2026.,"[[""Hierarchical"", 2214, 1], [""SLM Gated"", 2587, 1], [""Reviewer Pattern"", 3687, 2]]","[""base""]",0,c8ec734
Perform a Financial Audit on transaction log FCD-2026.,"[[""Hierarchical"", 2382, 1], [""SLM Gated"", 2276, 1], [""Reviewer Pattern"", 3965, 2]]","[""base""]",0,c8ec734
Perform a Financial Audit on transaction log FCD-2026.,"[[""Hierarchical"", 2323, 1], [""SLM Gated"", 2601, 1], [""Reviewer Pattern"", 3907, 2]]","[""base""]",0,c8ec734
Perform a Financial Audit on transaction log FCD-2026.,"[[""Hierarchical"", 2342, 1], [""SLM Gated"", 2663, 1], [""Reviewer Pattern"", 3977, 2]]","[""base""]",0,c8ec734
Perform a Financial Audit on transaction log FCD-2026.,"[[""Hierarchical"", 2269, 1], [""SLM Gated"", 2368, 1], [""Reviewer Pattern"", 3608, 2]]","[""base""]",0,c8ec734
Perform a Financial Audit on transaction log FCD-2026.,"[[""Hierarchical"", 2541, 1], [""SLM Gated"", 2492, 1], [""Reviewer Pattern"", 4176, 2]]","[""base""]",0,c8ec734
Perform a Financial Audit on transaction log FCD-2026.,"[[""Hierarchical"", 2381, 1], [""SLM Gated"", 2201, 1], [""Reviewer Pattern"", 4010, 2]]","[""base""]",0,c8ec734
Perform a Financial Audit on transaction log FCD-2026.,"[[""Hierarchical"", 2551, 1], [""SLM Gated"", 2294, 1], [""Reviewer Pattern"", 3967, 2]]","[""base""]",0,c8ec734
Perform a Financial Audit on transaction log FCD-2026.,"[[""Hierarchical"", 2441, 1], [""SLM Gated"", 2198, 1], [""Reviewer Pattern"", 3903, 2]]","[""base""]",0,c8ec734
Perform a Financial Audit on transaction log FCD-2026.,"[[""Hierarchical"", 2192, 1], [""SLM Gated"", 2305, 1], [""Reviewer Pattern"", 3508, 2]]","[""base""]",0,c8ec734
Perform a Financial Audit on transaction log FCD-2026.,"[[""Hierarchical"", 2401, 1], [""SLM Gated"", 2334, 1], [""Reviewer Pattern"", 4036, 2]]","[""base""]",0,c8ec734
Perform a Financial Audit on transaction log FCD-2026.,"[[""Hierarchical"", 2386, 1], [""SLM Gated"", 2608, 1], [""Reviewer Pattern"", 3771, 2]]","[""base""]",0,c8ec734
Perform a Financial Audit on transaction log FCD-2026.,"[[""Hierarchical"", 2480, 1], [""SLM Gated"", 2555, 1], [""Reviewer Pattern"", 4450, 2]]","[""base""]",0,c8ec734
Perform a Financial Audit on transaction log FCD-2026.,"[[""Hierarchical"", 2552, 1], [""SLM Gated"", 2203, 1], [""Reviewer Pattern"", 3833, 2]]","[""base""]",0,c8ec734
Perform a Financial Audit on transaction log FCD-2026.,"[[""Hierarchical"", 2414, 1], [""SLM Gated"", 2191, 1], [""Reviewer Pattern"", 3907, 2]]","[""base""]",0,c8ec734
Perform a Financial Audit on transaction log FCD-2026.,"[[""Hierarchical"", 2198, 1], [""SLM Gated"", 2539, 1], [""Reviewer Pattern"", 4236, 2]]","[""base""]",0,c8ec734
Perform a Financial Audit on transaction log FCD-2026.,"[[""Hierarchical"", 2494, 1], [""SLM Gated"", 2218, 1], [""Reviewer Pattern"", 4227, 2]]","[""base""]",0,c8ec734
Perform a Financial Audit on transaction log FCD-2026.,"[[""Hierarchical"", 2200, 1], [""SLM Gated"", 2452, 1], [""Reviewer Pattern"", 4314, 2]]","[""base""]",0,c8ec734
Perform a Financial Audit on transaction log FCD-2026.,"[[""Hierarchical"", 2399, 1], [""SLM Gated"", 2298, 1], [""Reviewer Pattern"", 3983, 2]]","[""base""]",0,c8ec734
Perform a Financial Audit on transaction log FCD-2026.,"[[""Hierarchical"", 2378, 1], [""SLM Gated"", 2693, 1], [""Reviewer Pattern"", 4072, 2]]","[""base""]",0,c8ec734
Perform a Financial Audit on transaction log FCD-2026.,"[[""Hierarchical"", 2233, 1], [""SLM Gated"", 2660, 1], [""Reviewer Pattern"", 4240, 2]]","[""base""]",0,c8ec734
Perform a Financial Audit on transaction log FCD-2026.,"[[""Hierarchical"", 2431, 1], [""SLM Gated"", 2269, 1], [""Reviewer Pattern"", 3817, 2]]","[""base""]",0,c8ec734
Perform a Financial Audit on transaction log FCD-2026.,"[[""Hierarchical"", 2178, 1], [""SLM Gated"", 2249, 1], [""Reviewer Pattern"", 3863, 2]]","[""base""]",0,c8ec734
Perform a Financial Audit on transaction log FCD-2026.,"[[""Hierarchical"", 2421, 1], [""SLM Gated"", 2262, 1], [""Reviewer Pattern"", 3651, 2]]","[""base""]",0,c8ec734
Perform a Financial Audit on transaction log FCD-2026.,"[[""Hierarchical"", 2287, 1], [""SLM Gated"", 2289, 1], [""Reviewer Pattern"", 3644, 2]]","[""base""]",0,c8ec734
Perform a Financial Audit on transaction log FCD-2026.,"[[""Hierarchical"", 2220, 1], [""SLM Gated"", 2380, 1], [""Reviewer Pattern"", 3663, 2]]","[""base""]",0,c8ec734
Perform a Financial Audit on transaction log FCD-2026.,"[[""Hierarchical"", 2437, 1], [""SLM Gated"", 2229, 1], [""Reviewer Pattern"", 3298, 2]]","[""base""]",0,c8ec734
Perform a Financial Audit on transaction log FCD-2026.,"[[""Hierarchical"", 2459, 1], [""SLM Gated"", 2814, 1], [""Reviewer Pattern"", 3966, 2]]","[""base""]",0,c8ec734
Perform a Financial Audit on transaction log FCD-2026.,"[[""Hierarchical"", 2556, 1], [""SLM Gated"", 2193, 1], [""Reviewer Pattern"", 4178, 2]]","[""base""]",0,c8ec734
Perform a Financial Audit on transaction log FCD-2026.,"[[""Hierarchical"", 2302, 1], [""SLM Gated"", 2224, 1], [""Reviewer Pattern"", 4088, 2]]","[""base""]",0,c8ec734
Perform a Financial Audit on transaction log FCD-2026.,"[[""Hierarchical"", 2156, 1], [""SLM Gated"", 2488, 1], [""Reviewer Pattern"", 4123, 2]]","[""base""]",0,c8ec734
Perform a Financial Audit on transaction log FCD-2026.,"[[""Hierarchical"", 2490, 1], [""SLM Gated"", 2269, 1], [""Reviewer Pattern"", 4298, 2]]","[""base""]",0,c8ec734
Perform a Financial Audit on transaction log FCD-2026.,"[[""Hierarchical"", 2269, 1], [""SLM Gated"", 2721, 1], [""Reviewer Pattern"", 3503, 2]]","[""base""]",0,c8ec734
Perform a Financial Audit on transaction log FCD-2026.,"[[""Hierarchical"", 2508, 1], [""SLM Gated"", 2250, 1], [""Reviewer Pattern"", 3709, 2]]","[""base""]",0,c8ec734
Perform a Financial Audit on transaction log FCD-2026.,"[[""Hierarchical"", 2299, 1], [""SLM Gated"", 2307, 1], [""Reviewer Pattern"", 3373, 2]]","[""base""]",0,c8ec734
Perform a Financial Audit on transaction log FCD-2026.,"[[""Hierarchical"", 2211, 1], [""SLM Gated"", 2523, 1], [""Reviewer Pattern"", 4186, 2]]","[""base""]",0,c8ec734
Perform a Financial Audit on transaction log FCD-2026.,"[[""Hierarchical"", 2668, 1], [""SLM Gated"", 2584, 1], [""Reviewer Pattern"", 3825, 2]]","[""base""]",0,c8ec734
Perform a Financial Audit on transaction log FCD-2026.,"[[""Hierarchical"", 2260, 1], [""SLM Gated"", 2515, 1], [""Reviewer Pattern"", 3762, 2]]","[""base""]",0,c8ec734
Perform a Financial Audit on transaction log FCD-2026.,"[[""Hierarchical"", 2259, 1], [""SLM Gated"", 2212, 1], [""Reviewer Pattern"", 3733, 2]]","[""base""]",0,c8ec734
Perform a Financial Audit on transaction log FCD-2026.,"[[""Hierarchical"", 2245, 1], [""SLM Gated"", 2518, 1], [""Reviewer Pattern"", 3811, 2]]","[""base""]",0,c8ec734
Perform a Financial Audit on transaction log FCD-2026.,"[[""Hierarchical"", 2274, 1], [""SLM Gated"", 2308, 1], [""Reviewer Pattern"", 3812, 2]]","[""base""]",0,c8ec734
Perform a Financial Audit on transaction log FCD-2026.,"[[""Hierarchical"", 2626, 1], [""SLM Gated"", 2424, 1], [""Reviewer Pattern"", 3776, 2]]","[""base""]",0,c8ec734
Perform a Financial Audit on transaction log FCD-2026.,"[[""Hierarchical"", 2447, 1], [""SLM Gated"", 2283, 1], [""Reviewer Pattern"", 4185, 2]]","[""base""]",0,c8ec734
Perform a Financial Audit on transaction log FCD-2026.,"[[""Hierarchical"", 2137, 1], [""SLM Gated"", 2482, 1], [""Reviewer Pattern"", 3752, 2]]","[""base""]",0,c8ec734
Perform a Financial Audit on transaction log FCD-2026.,"[[""Hierarchical"", 2332, 1], [""SLM Gated"", 2315, 1], [""Reviewer Pattern"", 4379, 2]]","[""base""]",0,c8ec734
Perform a Financial Audit on transaction log FCD-2026.,"[[""Hierarchical"", 2561, 1], [""SLM Gated"", 2304, 1], [""Reviewer Pattern"", 3702, 2]]","[""base""]",0,c8ec734
Perform a Financial Audit on transaction log FCD-2026.,"[[""Hierarchical"", 2326, 1], [""SLM Gated"", 2417, 1], [""Reviewer Pattern"", 3524, 2]]","[""base""]",0,c8ec734
Perform a Financial Audit on transaction log FCD-2026.,"[[""Hierarchical"", 2366, 1], [""SLM Gated"", 2309, 1], [""Reviewer Pattern"", 4048, 2]]","[""base""]",0,c8ec734
Perform a Financial Audit on transaction log FCD-2026.,"[[""Hierarchical"", 2463, 1], [""SLM Gated"", 2159, 1], [""Reviewer Pattern"", 3945, 2]]","[""base""]",0,c8ec734
Perform a Financial Audit on transaction log FCD-2026.,"[[""Hierarchical"", 2263, 1], [""SLM Gated"", 2318, 1], [""Reviewer Pattern"", 3873, 2]]","[""base""]",0,c8ec734
Perform a Financial Audit on transaction log FCD-2026.,"[[""Hierarchical"", 2252, 1], [""SLM Gated"", 2289, 1], [""Reviewer Pattern"", 4025, 2]]","[""base""]",0,c8ec734
Perform a Financial Audit on transaction log FCD-2026.,"[[""Hierarchical"", 2510, 1], [""SLM Gated"", 2214, 1], [""Reviewer Pattern"", 3481, 2]]","[""base""]",0,c8ec734
Perform a Financial Audit on transaction log FCD-2026.,"[[""Hierarchical"", 2373, 1], [""SLM Gated"", 2455, 1], [""Reviewer Pattern"", 3544, 2]]","[""base""]",0,c8ec734
Perform a Financial Audit on transaction log FCD-2026.,"[[""Hierarchical"", 2277, 1], [""SLM Gated"", 2373, 1], [""Reviewer Pattern"", 4085, 2]]","[""base""]",0,c8ec734
Perform a Financial Audit on transaction log FCD-2026.,"[[""Hierarchical"", 2313, 1], [""SLM Gated"", 2569, 1], [""Reviewer Pattern"", 4484, 2]]","[""base""]",0,c8ec734
Perform a Financial Audit on transaction log FCD-2026.,"[[""Hierarchical"", 2327, 1], [""SLM Gated"", 2383, 1], [""Reviewer Pattern"", 3542, 2]]","[""base""]",0,c8ec734
Perform a Financial Audit on transaction log FCD-2026.,"[[""Hierarchical"", 2129, 1], [""SLM Gated"", 2498, 1], [""Reviewer Pattern"", 3411, 2]]","[""base""]",0,c8ec734
Perform a Financial Audit on transaction log FCD-2026.,"[[""Hierarchical"", 2420, 1], [""SLM Gated"", 2219, 1], [""Reviewer Pattern"", 4041, 2]]","[""base""]",0,c8ec734
Perform a Financial Audit on transaction log FCD-2026.,"[[""Hierarchical"", 2260, 1], [""SLM Gated"", 2142, 1], [""Reviewer Pattern"", 4293, 2]]","[""base""]",0,c8ec734
Perform a Financial Audit on transaction log FCD-2026.,"[[""Hierarchical"", 2159, 1], [""SLM Gated"", 2285, 1], [""Reviewer Pattern"", 3599, 2]]","[""base""]",0,c8ec734
Perform a Financial Audit on transaction log FCD-2026.,"[[""Hierarchical"", 2153, 1], [""SLM Gated"", 2715, 1], [""Reviewer Pattern"", 3884, 2]]","[""base""]",0,c8ec734
Perform a Financial Audit on transaction log FCD-2026.,"[[""Hierarchical"", 2256, 1], [""SLM Gated"", 2250, 1], [""Reviewer Pattern"", 3678, 2]]","[""base""]",0,c8ec734
Perform a Financial Audit on transaction log FCD-2026.,"[[""Hierarchical"", 2505, 1], [""SLM Gated"", 2396, 1], [""Reviewer Pattern"", 4101, 2]]","[""base""]",0,c8ec734
Perform a Financial Audit on transaction log FCD-2026.,"[[""Hierarchical"", 2560, 1], [""SLM Gated"", 2227, 1], [""Reviewer Pattern"", 4198, 2]]","[""base""]",0,c8ec734
Perform a Financial Audit on transaction log FCD-2026.,"[[""Hierarchical"", 2444, 1], [""SLM Gated"", 2208, 1], [""Reviewer Pattern"", 3844, 2]]","[""base""]",0,c8ec734
Perform a Financial Audit on transaction log FCD-2026.,"[[""Hierarchical"", 2123, 1], [""SLM Gated"", 2177, 1], [""Reviewer Pattern"", 4007, 2]]","[""base""]",0,c8ec734
Perform a Financial Audit on transaction log FCD-2026.,"[[""Hierarchical"", 2436, 1], [""SLM Gated"", 2320, 1], [""Reviewer Pattern"", 3548, 2]]","[""base""]",0,c8ec734
Perform a Financial Audit on transaction log FCD-2026.,"[[""Hierarchical"", 2711, 1], [""SLM Gated"", 2205, 1], [""Reviewer Pattern"", 3881, 2]]","[""base""]",0,c8ec734
Perform a Financial Audit on transaction log FCD-2026.,"[[""Hierarchical"", 2504, 1], [""SLM Gated"", 2435, 1], [""Reviewer Pattern"", 4287, 2]]","[""base""]",0,c8ec734
Perform a Financial Audit on transaction log FCD-2026.,"[[""Hierarchical"", 2302, 1], [""SLM Gated"", 2254, 1], [""Reviewer Pattern"", 4849, 2]]","[""base""]",0,c8ec734
Perform a Financial Audit on transaction log FCD-2026.,"[[""Hierarchical"", 2181, 1], [""SLM Gated"", 2208, 1], [""Reviewer Pattern"", 3666, 2]]","[""base""]",0,c8ec734
Perform a Financial Audit on transaction log FCD-2026.,"[[""Hierarchical"", 2275, 1], [""SLM Gated"", 2160, 1], [""Reviewer Pattern"", 3993, 2]]","[""base""]",0,c8ec734
Perform a Financial Audit on transaction log FCD-2026.,"[[""Hierarchical"", 2435, 1], [""SLM Gated"", 2810, 1], [""Reviewer Pattern"", 4013, 2]]","[""base""]",0,c8ec734
Perform a Financial Audit on transaction log FCD-2026.,"[[""Hierarchical"", 2448, 1], [""SLM Gated"", 2280, 1], [""Reviewer Pattern"", 3820, 2]]","[""base""]",0,c8ec734
Perform a Financial Audit on transaction log FCD-2026.,"[[""Hierarchical"", 2225, 1], [""SLM Gated"", 2289, 1], [""Reviewer Pattern"", 3758, 2]]","[""base""]",0,c8ec734
Perform a Financial Audit on transaction log FCD-2026.,"[[""Hierarchical"", 2605, 1], [""SLM Gated"", 2295, 1], [""Reviewer Pattern"", 3699, 2]]","[""base""]",0,c8ec734
Perform a Financial Audit on transaction log FCD-2026.,"[[""Hierarchical"", 2391, 1], [""SLM Gated"", 2715, 1], [""Reviewer Pattern"", 4010, 2]]","[""base""]",0,c8ec734
Perform a Financial Audit on transaction log FCD-2026.,"[[""Hierarchical"", 2358, 1], [""SLM Gated"", 2143, 1], [""Reviewer Pattern"", 4518, 2]]","[""base""]",0,c8ec734
Perform a Financial Audit on transaction log FCD-2026.,"[[""Hierarchical"", 2224, 1], [""SLM Gated"", 2442, 1], [""Reviewer Pattern"", 3811, 2]]","[""base""]",0,c8ec734
Perform a Financial Audit on transaction log FCD-2026.,"[[""Hierarchical"", 2426, 1], [""SLM Gated"", 2260, 1], [""Reviewer Pattern"", 3792, 2]]","[""base""]",0,c8ec734
Perform a Financial Audit on transaction log FCD-2026.,"[[""Hierarchical"", 2463, 1], [""SLM Gated"", 2359, 1], [""Reviewer Pattern"", 3736, 2]]","[""base""]",0,c8ec734
Perform a Financial Audit on transaction log FCD-2026.,"[[""Hierarchical"", 2176, 1], [""SLM Gated"", 2418, 1], [""Reviewer Pattern"", 3869, 2]]","[""base""]",0,c8ec734
Perform a Financial Audit on transaction log FCD-2026.,"[[""Hierarchical"", 2347, 1], [""SLM Gated"", 2273, 1], [""Reviewer Pattern"", 4183, 2]]","[""base""]",0,c8ec734
Perform a Financial Audit on transaction log FCD-2026.,"[[""Hierarchical"", 2267, 1], [""SLM Gated"", 2292, 1], [""Reviewer Pattern"", 3818, 2]]","[""base""]",0,c8ec734
Perform a Financial Audit on transaction log FCD-2026.,"[[""Hierarchical"", 2324, 1], [""SLM Gated"", 2330, 1], [""Reviewer Pattern"", 3942, 2]]","[""base""]",0,c8ec734
Perform a Financial Audit on transaction log FCD-2026.,"[[""Hierarchical"", 2144, 1], [""SLM Gated"", 2398, 1], [""Reviewer Pattern"", 3401, 2]]","[""base""]",0,c8ec734
Perform a Financial Audit on transaction log FCD-2026.,"[[""Hierarchical"", 2175, 1], [""SLM Gated"", 2282, 1], [""Reviewer Pattern"", 4451, 2]]","[""base""]",0,c8ec734
Perform a Financial Audit on transaction log FCD-2026.,"[[""Hierarchical"", 2468, 1], [""SLM Gated"", 2219, 1], [""Reviewer Pattern"", 3681, 2]]","[""base""]",0,c8ec734
Perform a Financial Audit on transaction log FCD-2026.,"[[""Hierarchical"", 2230, 1], [""SLM Gated"", 2478, 1], [""Reviewer Pattern"", 4392, 2]]","[""base""]",0,c8ec734
Perform a Financial Audit on transaction log FCD-2026.,"[[""Hierarchical"", 2111, 1], [""SLM Gated"", 2266, 1], [""Reviewer Pattern"", 4207, 2]]","[""base""]",0,c8ec734
Perform a Financial Audit on transaction log FCD-2026.,"[[""Hierarchical"", 2368, 1], [""SLM Gated"", 2479, 1], [""Reviewer Pattern"", 3803, 2]]","[""base""]",0,c8ec734
Perform a Financial Audit on transaction log FCD-2026.,"[[""Hierarchical"", 2628, 1], [""SLM Gated"", 2258, 1], [""Reviewer Pattern"", 4247, 2]]","[""base""]",0,c8ec734
Perform a Financial Audit on transaction log FCD-2026.,"[[""Hierarchical"", 2041, 1], [""SLM Gated"", 2366, 1], [""Reviewer Pattern"", 4218, 2]]","[""base""]",0,c8ec734
Perform a Financial Audit on transaction log FCD-2026.,"[[""Hierarchical"", 2667, 1], [""SLM Gated"", 2336, 1], [""Reviewer Pattern"", 4201, 2]]","[""base""]",0,c8ec734
Perform a Financial Audit on transaction log FCD-2026.,"[[""Hierarchical"", 2110, 1], [""SLM Gated"", 2653, 1], [""Reviewer Pattern"", 3606, 2]]","[""base""]",0,c8ec734
Perform a Financial Audit on transaction log FCD-2026.,"[[""Hierarchical"", 2164, 1], [""SLM Gated"", 2617, 1], [""Reviewer Pattern"", 4301, 2]]","[""base""]",0,c8ec734
Perform a Financial Audit on transaction log FCD-2026.,"[[""Hierarchical"", 2203, 1], [""SLM Gated"", 2315, 1], [""Reviewer Pattern"", 3812, 2]]","[""base""]",0,c8ec734
Perform a Financial Audit on transaction log FCD-2026.,"[[""Hierarchical"", 2355, 1], [""SLM Gated"", 2705, 1], [""Reviewer Pattern"", 4741, 2]]","[""base""]",0,c8ec734
Perform a Financial Audit on transaction log FCD-2026.,"[[""Hierarchical"", 2250, 1], [""SLM Gated"", 2220, 1], [""Reviewer Pattern"", 3517, 2]]","[""base""]",0,c8ec734
Perform a Financial Audit on transaction log FCD-2026.,"[[""Hierarchical"", 2366, 1], [""SLM Gated"", 2184, 1], [""Reviewer Pattern"", 3231, 2]]","[""base""]",0,c8ec734
Perform a Financial Audit on transaction log FCD-2026.,"[[""Hierarchical"", 2496, 1], [""SLM Gated"", 2239, 1], [""Reviewer Pattern"", 4204, 2]]","[""base""]",0,c8ec734
Perform a Financial Audit on transaction log FCD-2026.,"[[""Hierarchical"", 2300, 1], [""SLM Gated"", 2243, 1], [""Reviewer Pattern"", 3740, 2]]","[""base""]",0,c8ec734
Perform a Financial Audit on transaction log FCD-2026.,"[[""Hierarchical"", 2577, 1], [""SLM Gated"", 2320, 1], [""Reviewer Pattern"", 4162, 2]]","[""base""]",0,c8ec734
Perform a Financial Audit on transaction log FCD-2026.,"[[""Hierarchical"", 2364, 1], [""SLM Gated"", 2272, 1], [""Reviewer Pattern"", 4145, 2]]","[""base""]",0,c8ec734
Perform a Financial Audit on transaction log FCD-2026.,"[[""Hierarchical"", 2329, 1], [""SLM Gated"", 2509, 1], [""Reviewer Pattern"", 4018, 2]]","[""base""]",0,c8ec734
Perform a Financial Audit on transaction log FCD-2026.,"[[""Hierarchical"", 2257, 1], [""SLM Gated"", 2288, 1], [""Reviewer Pattern"", 3775, 2]]","[""base""]",0,c8ec734
Perform a Financial Audit on transaction log FCD-2026.,"[[""Hierarchical"", 2516, 1], [""SLM Gated"", 2451, 1], [""Reviewer Pattern"", 3757, 2]]","[""base""]",0,c8ec734
Perform a Financial Audit on transaction log FCD-2026.,"[[""Hierarchical"", 2302, 1], [""SLM Gated"", 2428, 1], [""Reviewer Pattern"", 4270, 2]]","[""base""]",0,c8ec734
Perform a Financial Audit on transaction log FCD-2026.,"[[""Hierarchical"", 2268, 1], [""SLM Gated"", 2391, 1], [""Reviewer Pattern"", 3601, 2]]","[""base""]",0,c8ec734
Perform a Financial Audit on transaction log FCD-2026.,"[[""Hierarchical"", 2189, 1], [""SLM Gated"", 2333, 1], [""Reviewer Pattern"", 3719, 2]]","[""base""]",0,c8ec734
Perform a Financial Audit on transaction log FCD-2026.,"[[""Hierarchical"", 2111, 1], [""SLM Gated"", 2346, 1], [""Reviewer Pattern"", 3902, 2]]","[""base""]",0,c8ec734
Perform a Financial Audit on transaction log FCD-2026.,"[[""Hierarchical"", 2328, 1], [""SLM Gated"", 2469, 1], [""Reviewer Pattern"", 4457, 2]]","[""base""]",0,c8ec734
Perform a Financial Audit on transaction log FCD-2026.,"[[""Hierarchical"", 2449, 1], [""SLM Gated"", 2240, 1], [""Reviewer Pattern"", 4163, 2]]","[""base""]",0,c8ec734
Perform a Financial Audit on transaction log FCD-2026.,"[[""Hierarchical"", 2231, 1], [""SLM Gated"", 2290, 1], [""Reviewer Pattern"", 4035, 2]]","[""base""]",0,c8ec734
Perform a Financial Audit on transaction log FCD-2026.,"[[""Hierarchical"", 2451, 1], [""SLM Gated"", 2237, 1], [""Reviewer Pattern"", 4036, 2]]","[""base""]",0,c8ec734
Perform a Financial Audit on transaction log FCD-2026.,"[[""Hierarchical"", 2682, 1], [""SLM Gated"", 2299, 1], [""Reviewer Pattern"", 3496, 2]]","[""base""]",0,c8ec734
Perform a Financial Audit on transaction log FCD-2026.,"[[""Hierarchical"", 2468, 1], [""SLM Gated"", 2503, 1], [""Reviewer Pattern"", 3564, 2]]","[""base""]",0,c8ec734
Perform a Financial Audit on transaction log FCD-2026.,"[[""Hierarchical"", 2234, 1], [""SLM Gated"", 2215, 1], [""Reviewer Pattern"", 4026, 2]]","[""base""]",0,c8ec734
Perform a Financial Audit on transaction log FCD-2026.,"[[""Hierarchical"", 2232, 1], [""SLM Gated"", 2672, 1], [""Reviewer Pattern"", 4305, 2]]","[""base""]",0,c8ec734
Perform a Financial Audit on transaction log FCD-2026.,"[[""Hierarchical"", 2539, 1], [""SLM Gated"", 2496, 1], [""Reviewer Pattern"", 3908, 2]]","[""base""]",0,c8ec734
Perform a Financial Audit on transaction log FCD-2026.,"[[""Hierarchical"", 2642, 1], [""SLM Gated"", 2699, 1], [""Reviewer Pattern"", 3314, 2]]","[""base""]",0,c8ec734
Perform a Financial Audit on transaction log FCD-2026.,"[[""Hierarchical"", 2182, 1], [""SLM Gated"", 2403, 1], [""Reviewer Pattern"", 4027, 2]]","[""base""]",0,c8ec734
Perform a Financial Audit on transaction log FCD-2026.,"[[""Hierarchical"", 2240, 1], [""SLM Gated"", 2610, 1], [""Reviewer Pattern"", 4336, 2]]","[""base""]",0,c8ec734
Perform a Financial Audit on transaction log FCD-2026.,"[[""Hierarchical"", 2167, 1], [""SLM Gated"", 2590, 1], [""Reviewer Pattern"", 4100, 2]]","[""base""]",0,c8ec734
Perform a Financial Audit on transaction log FCD-2026.,"[[""Hierarchical"", 2489, 1], [""SLM Gated"", 2475, 1], [""Reviewer Pattern"", 4067, 2]]","[""base""]",0,c8ec734
Perform a Financial Audit on transaction log FCD-2026.,"[[""Hierarchical"", 2317, 1], [""SLM Gated"", 2304, 1], [""Reviewer Pattern"", 4211, 2]]","[""base""]",0,c8ec734
Perform a Financial Audit on transaction log FCD-2026.,"[[""Hierarchical"", 2309, 1], [""SLM Gated"", 2303, 1], [""Reviewer Pattern"", 3674, 2]]","[""base""]",0,c8ec734
Perform a Financial Audit on transaction log FCD-2026.,"[[""Hierarchical"", 2515, 1], [""SLM Gated"", 2184, 1], [""Reviewer Pattern"", 3871, 2]]","[""base""]",0,c8ec734
Perform a Financial Audit on transaction log FCD-2026.,"[[""Hierarchical"", 2380, 1], [""SLM Gated"", 2184, 1], [""Reviewer Pattern"", 3474, 2]]","[""base""]",0,c8ec734
Perform a Financial Audit on transaction log FCD-2026.,"[[""Hierarchical"", 2462, 1], [""SLM Gated"", 2249, 1], [""Reviewer Pattern"", 3919, 2]]","[""base""]",0,c8ec734
Perform a Financial Audit on transaction log FCD-2026.,"[[""Hierarchical"", 2335, 1], [""SLM Gated"", 2234, 1], [""Reviewer Pattern"", 4523, 2]]","[""base""]",0,c8ec734
Perform a Financial Audit on transaction log FCD-2026.,"[[""Hierarchical"", 2157, 1], [""SLM Gated"", 2716, 1], [""Reviewer Pattern"", 4295, 2]]","[""base""]",0,c8ec734
Perform a Financial Audit on transaction log FCD-2026.,"[[""Hierarchical"", 2509, 1], [""SLM Gated"", 2289, 1], [""Reviewer Pattern"", 3594, 2]]","[""base""]",0,c8ec734
Perform a Financial Audit on transaction log FCD-2026.,"[[""Hierarchical"", 2272, 1], [""SLM Gated"", 2218, 1], [""Reviewer Pattern"", 3696, 2]]","[""base""]",0,c8ec734
Perform a Financial Audit on transaction log FCD-2026.,"[[""Hierarchical"", 2241, 1], [""SLM Gated"", 2187, 1], [""Reviewer Pattern"", 3484, 2]]","[""base""]",0,c8ec734
Perform a Financial Audit on transaction log FCD-2026.,"[[""Hierarchical"", 2051, 1], [""SLM Gated"", 2612, 1], [""Reviewer Pattern"", 3704, 2]]","[""base""]",0,c8ec734
Perform a Financial Audit on transaction log FCD-2026.,"[[""Hierarchical"", 2092, 1], [""SLM Gated"", 2228, 1], [""Reviewer Pattern"", 3710, 2]]","[""base""]",0,c8ec734
Perform a Financial Audit on transaction log FCD-2026.,"[[""Hierarchical"", 2297, 1], [""SLM Gated"", 2410, 1], [""Reviewer Pattern"", 4058, 2]]","[""base""]",0,c8ec734
Perform a Financial Audit on transaction log FCD-2026.,"[[""Hierarchical"", 2157, 1], [""SLM Gated"", 2656, 1], [""Reviewer Pattern"", 3478, 2]]","[""base""]",0,c8ec734
Perform a Financial Audit on transaction log FCD-2026.,"[[""Hierarchical"", 2574, 1], [""SLM Gated"", 2273, 1], [""Reviewer Pattern"", 3862, 2]]","[""base""]",0,c8ec734
Perform a Financial Audit on transaction log FCD-2026.,"[[""Hierarchical"", 2475, 1], [""SLM Gated"", 2269, 1], [""Reviewer Pattern"", 3780, 2]]","[""base""]",0,c8ec734
Perform a Financial Audit on transaction log FCD-2026.,"[[""Hierarchical"", 2387, 1], [""SLM Gated"", 2488, 1], [""Reviewer Pattern"", 4188, 2]]","[""base""]",0,c8ec734
Perform a Financial Audit on transaction log FCD-2026.,"[[""Hierarchical"", 2594, 1], [""SLM Gated"", 2155, 1], [""Reviewer Pattern"", 3667, 2]]","[""base""]",0,c8ec734
Perform a Financial Audit on transaction log FCD-2026.,"[[""Hierarchical"", 2480, 1], [""SLM Gated"", 2264, 1], [""Reviewer Pattern"", 3730, 2]]","[""base""]",0,c8ec734
Perform a Financial Audit on transaction log FCD-2026.,"[[""Hierarchical"", 2611, 1], [""SLM Gated"", 2284, 1], [""Reviewer Pattern"", 4275, 2]]","[""base""]",0,c8ec734
Perform a Financial Audit on transaction log FCD-2026.,"[[""Hierarchical"", 2316, 1], [""SLM Gated"", 2535, 1], [""Reviewer Pattern"", 4174, 2]]","[""base""]",0,c8ec734
Perform a Financial Audit on transaction log FCD-2026.,"[[""Hierarchical"", 2131, 1], [""SLM Gated"", 2320, 1], [""Reviewer Pattern"", 4232, 2]]","[""base""]",0,c8ec734
Perform a Financial Audit on transaction log FCD-2026.,"[[""Hierarchical"", 2010, 1], [""SLM Gated"", 2129, 1], [""Reviewer Pattern"", 3654, 2]]","[""base""]",0,c8ec734
Perform a Financial Audit on transaction log FCD-2026.,"[[""Hierarchical"", 2123, 1], [""SLM Gated"", 2205, 1], [""Reviewer Pattern"", 4111, 2]]","[""base""]",0,c8ec734
Perform a Financial Audit on transaction log FCD-2026.,"[[""Hierarchical"", 2318, 1], [""SLM Gated"", 2205, 1], [""Reviewer Pattern"", 3755, 2]]","[""base""]",0,c8ec734
Perform a Financial Audit on transaction log FCD-2026.,"[[""Hierarchical"", 2170, 1], [""SLM Gated"", 2157, 1], [""Reviewer Pattern"", 3830, 2]]","[""base""]",0,c8ec734
Perform a Financial Audit on transaction log FCD-2026.,"[[""Hierarchical"", 2346, 1], [""SLM Gated"", 2290, 1], [""Reviewer Pattern"", 4106, 2]]","[""base""]",0,c8ec734
Perform a Financial Audit on transaction log FCD-2026.,"[[""Hierarchical"", 2658, 1], [""SLM Gated"", 2102, 1], [""Reviewer Pattern"", 4144, 2]]","[""base""]",0,c8ec734
Perform a Financial Audit on transaction log FCD-2026.,"[[""Hierarchical"", 2145, 1], [""SLM Gated"", 2591, 1], [""Reviewer Pattern"", 3464, 2]]","[""base""]",0,c8ec734
Perform a Financial Audit on transaction log FCD-2026.,"[[""Hierarchical"", 2373, 1], [""SLM Gated"", 2534, 1], [""Reviewer Pattern"", 4079, 2]]","[""base""]",0,c8ec734
Perform a Financial Audit on transaction log FCD-2026.,"[[""Hierarchical"", 2078, 1], [""SLM Gated"", 2221, 1], [""Reviewer Pattern"", 3471, 2]]","[""base""]",0,c8ec734
Perform a Financial Audit on transaction log FCD-2026.,"[[""Hierarchical"", 2270, 1], [""SLM Gated"", 2539, 1], [""Reviewer Pattern"", 3965, 2]]","[""base""]",0,c8ec734
Perform a Financial Audit on transaction log FCD-2026.,"[[""Hierarchical"", 2258, 1], [""SLM Gated"", 2333, 1], [""Reviewer Pattern"", 4112, 2]]","[""base""]",0,c8ec734
Perform a Financial Audit on transaction log FCD-2026.,"[[""Hierarchical"", 2465, 1], [""SLM Gated"", 2566, 1], [""Reviewer Pattern"", 4074, 2]]","[""base""]",0,c8ec734
Perform a Financial Audit on transaction log FCD-2026.,"[[""Hierarchical"", 2274, 1], [""SLM Gated"", 2469, 1], [""Reviewer Pattern"", 3976, 2]]","[""base""]",0,c8ec734
Perform a Financial Audit on transaction log FCD-2026.,"[[""Hierarchical"", 2264, 1], [""SLM Gated"", 2207, 1], [""Reviewer Pattern"", 3973, 2]]","[""base""]",0,c8ec734
Perform a Financial Audit on transaction log FCD-2026.,"[[""Hierarchical"", 2309, 1], [""SLM Gated"", 2517, 1], [""Reviewer Pattern"", 3732, 2]]","[""base""]",0,c8ec734
Perform a Financial Audit on transaction log FCD-2026.,"[[""Hierarchical"", 2333, 1], [""SLM Gated"", 2427, 1], [""Reviewer Pattern"", 3782, 2]]","[""base""]",0,c8ec734
Perform a Financial Audit on transaction log FCD-2026.,"[[""Hierarchical"", 2344, 1], [""SLM Gated"", 2179, 1], [""Reviewer Pattern"", 3741, 2]]","[""base""]",0,c8ec734
Perform a Financial Audit on transaction log FCD-2026.,"[[""Hierarchical"", 2138, 1], [""SLM Gated"", 2312, 1], [""Reviewer Pattern"", 3585, 2]]","[""base""]",0,c8ec734
Perform a Financial Audit on transaction log FCD-2026.,"[[""Hierarchical"", 2252, 1], [""SLM Gated"", 2568, 1], [""Reviewer Pattern"", 3786, 2]]","[""base""]",0,c8ec734
Perform a Financial Audit on transaction log FCD-2026.,"[[""Hierarchical"", 2292, 1], [""SLM Gated"", 2213, 1], [""Reviewer Pattern"", 4170, 2]]","[""base""]",0,c8ec734
Perform a Financial Audit on transaction log FCD-2026.,"[[""Hierarchical"", 2236, 1], [""SLM Gated"", 2284, 1], [""Reviewer Pattern"", 3985, 2]]","[""base""]",0,c8ec734
Perform a Financial Audit on transaction log FCD-2026.,"[[""Hierarchical"", 2284, 1], [""SLM Gated"", 2289, 1], [""Reviewer Pattern"", 3779, 2]]","[""base""]",0,c8ec734
Perform a Financial Audit on transaction log FCD-2026.,"[[""Hierarchical"", 2360, 1], [""SLM Gated"", 2214, 1], [""Reviewer Pattern"", 4365, 2]]","[""base""]",0,c8ec734
Perform a Financial Audit on transaction log FCD-2026.,"[[""Hierarchical"", 2438, 1], [""SLM Gated"", 2206, 1], [""Reviewer Pattern"", 4440, 2]]","[""base""]",0,c8ec734
Perform a Financial Audit on transaction log FCD-2026.,"[[""Hierarchical"", 2472, 1], [""SLM Gated"", 2027, 1], [""Reviewer Pattern"", 3743, 2]]","[""base""]",0,c8ec734
Perform a Financial Audit on transaction log FCD-2026.,"[[""Hierarchical"", 2442, 1], [""SLM Gated"", 2246, 1], [""Reviewer Pattern"", 3992, 2]]","[""base""]",0,c8ec734
Perform a Financial Audit on transaction log FCD-2026.,"[[""Hierarchical"", 2641, 1], [""SLM Gated"", 2521, 1], [""Reviewer Pattern"", 3890, 2]]","[""base""]",0,c8ec734
Perform a Financial Audit on transaction log FCD-2026.,"[[""Hierarchical"", 2206, 1], [""SLM Gated"", 2171, 1], [""Reviewer Pattern"", 3707, 2]]","[""base""]",0,c8ec734
Perform a Financial Audit on transaction log FCD-2026.,"[[""Hierarchical"", 2300, 1], [""SLM Gated"", 2322, 1], [""Reviewer Pattern"", 3860, 2]]","[""base""]",0,c8ec734
Perform a Financial Audit on transaction log FCD-2026.,"[[""Hierarchical"", 2277, 1], [""SLM Gated"", 2272, 1], [""Reviewer Pattern"", 3987, 2]]","[""base""]",0,c8ec734
Perform a Financial Audit on transaction log FCD-2026.,"[[""Hierarchical"", 2430, 1], [""SLM Gated"", 2836, 1], [""Reviewer Pattern"", 4263, 2]]","[""base""]",0,c8ec734
Perform a Financial Audit on transaction log FCD-2026.,"[[""Hierarchical"", 2440, 1], [""SLM Gated"", 2293, 1], [""Reviewer Pattern"", 3903, 2]]","[""base""]",0,c8ec734
Perform a Financial Audit on transaction log FCD-2026.,"[[""Hierarchical"", 2341, 1], [""SLM Gated"", 2742, 1], [""Reviewer Pattern"", 3482, 2]]","[""base""]",0,c8ec734
Perform a Financial Audit on transaction log FCD-2026.,"[[""Hierarchical"", 2156, 1], [""SLM Gated"", 2747, 1], [""Reviewer Pattern"", 4616, 2]]","[""base""]",0,c8ec734
Perform a Financial Audit on transaction log FCD-2026.,"[[""Hierarchical"", 2099, 1], [""SLM Gated"", 2262, 1], [""Reviewer Pattern"", 4261, 2]]","[""base""]",0,c8ec734
Perform a Financial Audit on transaction log FCD-2026.,"[[""Hierarchical"", 2030, 1], [""SLM Gated"", 2380, 1], [""Reviewer Pattern"", 3705, 2]]","[""base""]",0,c8ec734
Perform a Financial Audit on transaction log FCD-2026.,"[[""Hierarchical"", 2228, 1], [""SLM Gated"", 2566, 1], [""Reviewer Pattern"", 3979, 2]]","[""base""]",0,c8ec734
Perform a Financial Audit on transaction log FCD-2026.,"[[""Hierarchical"", 2416, 1], [""SLM Gated"", 2180, 1], [""Reviewer Pattern"", 3935, 2]]","[""base""]",0,c8ec734
Perform a Financial Audit on transaction log FCD-2026.,"[[""Hierarchical"", 2460, 1], [""SLM Gated"", 2734, 1], [""Reviewer Pattern"", 3475, 2]]","[""base""]",0,c8ec734
Perform a Financial Audit on transaction log FCD-2026.,"[[""Hierarchical"", 2540, 1], [""SLM Gated"", 2597, 1], [""Reviewer Pattern"", 4075, 2]]","[""base""]",0,c8ec734
Perform a Financial Audit on transaction log FCD-2026.,"[[""Hierarchical"", 2202, 1], [""SLM Gated"", 2364, 1], [""Reviewer Pattern"", 3921, 2]]","[""base""]",0,c8ec734
Perform a Financial Audit on transaction log FCD-2026.,"[[""Hierarchical"", 2342, 1], [""SLM Gated"", 2313, 1], [""Reviewer Pattern"", 3675, 2]]","[""base""]",0,c8ec734
Perform a Financial Audit on transaction log FCD-2026.,"[[""Hierarchical"", 2200, 1], [""SLM Gated"", 2203, 1], [""Reviewer Pattern"", 4012, 2]]","[""base""]",0,c8ec734
Perform a Financial Audit on transaction log FCD-2026.,"[[""Hierarchical"", 2311, 1], [""SLM Gated"", 2304, 1], [""Reviewer Pattern"", 4160, 2]]","[""base""]",0,c8ec734
Perform a Financial Audit on transaction log FCD-2026.,"[[""Hierarchical"", 2347, 1], [""SLM Gated"", 2174, 1], [""Reviewer Pattern"", 3470, 2]]","[""base""]",0,c8ec734
Perform a Financial Audit on transaction log FCD-2026.,"[[""Hierarchical"", 2325, 1], [""SLM Gated"", 2213, 1], [""Reviewer Pattern"", 4194, 2]]","[""base""]",0,c8ec734
Perform a Financial Audit on transaction log FCD-2026.,"[[""Hierarchical"", 2418, 1], [""SLM Gated"", 2541, 1], [""Reviewer Pattern"", 3710, 2]]","[""base""]",0,c8ec734
Perform a Financial Audit on transaction log FCD-2026.,"[[""Hierarchical"", 2380, 1], [""SLM Gated"", 2242, 1], [""Reviewer Pattern"", 3602, 2]]","[""base""]",0,c8ec734
Perform a Financial Audit on transaction log FCD-2026.,"[[""Hierarchical"", 2384, 1], [""SLM Gated"", 2306, 1], [""Reviewer Pattern"", 3518, 2]]","[""base""]",0,c8ec734
Perform a Financial Audit on transaction log FCD-2026.,"[[""Hierarchical"", 2329, 1], [""SLM Gated"", 2582, 1], [""Reviewer Pattern"", 3732, 2]]","[""base""]",0,c8ec734
Perform a Financial Audit on transaction log FCD-2026.,"[[""Hierarchical"", 2138, 1], [""SLM Gated"", 2310, 1], [""Reviewer Pattern"", 3619, 2]]","[""base""]",0,c8ec734
Perform a Financial Audit on transaction log FCD-2026.,"[[""Hierarchical"", 2205, 1], [""SLM Gated"", 2206, 1], [""Reviewer Pattern"", 3802, 2]]","[""base""]",0,c8ec734
Perform a Financial Audit on transaction log FCD-2026.,"[[""Hierarchical"", 2231, 1], [""SLM Gated"", 2183, 1], [""Reviewer Pattern"", 3763, 2]]","[""base""]",0,c8ec734
Perform a Financial Audit on transaction log FCD-2026.,"[[""Hierarchical"", 2344, 1], [""SLM Gated"", 2529, 1], [""Reviewer Pattern"", 4252, 2]]","[""base""]",0,c8ec734
Perform a Financial Audit on transaction log FCD-2026.,"[[""Hierarchical"", 2347, 1], [""SLM Gated"", 2580, 1], [""Reviewer Pattern"", 3833, 2]]","[""base""]",0,c8ec734
Perform a Financial Audit on transaction log FCD-2026.,"[[""Hierarchical"", 2391, 1], [""SLM Gated"", 2522, 1], [""Reviewer Pattern"", 3886, 2]]","[""base""]",0,c8ec734
Perform a Financial Audit on transaction log FCD-2026.,"[[""Hierarchical"", 2063, 1], [""SLM Gated"", 2213, 1], [""Reviewer Pattern"", 3911, 2]]","[""base""]",0,c8ec734
Perform a Financial Audit on transaction log FCD-2026.,"[[""Hierarchical"", 2562, 1], [""SLM Gated"", 2215, 1], [""Reviewer Pattern"", 4109, 2]]","[""base""]",0,c8ec734
Perform a Financial Audit on transaction log FCD-2026.,"[[""Hierarchical"", 2547, 1], [""SLM Gated"", 2530, 1], [""Reviewer Pattern"", 3993, 2]]","[""base""]",0,c8ec734
Perform a Financial Audit on transaction log FCD-2026.,"[[""Hierarchical"", 2319, 1], [""SLM Gated"", 2449, 1], [""Reviewer Pattern"", 4133, 2]]","[""base""]",0,c8ec734
Perform a Financial Audit on transaction log FCD-2026.,"[[""Hierarchical"", 2773, 1], [""SLM Gated"", 2626, 1], [""Reviewer Pattern"", 3737, 2]]","[""base""]",0,c8ec734
Perform a Financial Audit on transaction log FCD-2026.,"[[""Hierarchical"", 2408, 1], [""SLM Gated"", 2247, 1], [""Reviewer Pattern"", 4372, 2]]","[""base""]",0,c8ec734
Perform a Financial Audit on transaction log FCD-2026.,"[[""Hierarchical"", 2159, 1], [""SLM Gated"", 2267, 1], [""Reviewer Pattern"", 4917, 2]]","[""base""]",0,c8ec734
Perform a Financial Audit on transaction log FCD-2026.,"[[""Hierarchical"", 2564, 1], [""SLM Gated"", 2494, 1], [""Reviewer Pattern"", 3903, 2]]","[""base""]",0,c8ec734
Perform a Financial Audit on transaction log FCD-2026.,"[[""Hierarchical"", 2416, 1], [""SLM Gated"", 2476, 1], [""Reviewer Pattern"", 4110, 2]]","[""base""]",0,c8ec734
Perform a Financial Audit on transaction log FCD-2026.,"[[""Hierarchical"", 2367, 1], [""SLM Gated"", 2302, 1], [""Reviewer Pattern"", 4274, 2]]","[""base""]",0,c8ec734
Perform a Financial Audit on transaction log FCD-2026.,"[[""Hierarchical"", 2157, 1], [""SLM Gated"", 2291, 1], [""Reviewer Pattern"", 3614, 2]]","[""base""]",0,c8ec734
Perform a Financial Audit on transaction log FCD-2026.,"[[""Hierarchical"", 2282, 1], [""SLM Gated"", 2217, 1], [""Reviewer Pattern"", 4154, 2]]","[""base""]",0,c8ec734
Perform a Financial Audit on transaction log FCD-2026.,"[[""Hierarchical"", 2251, 1], [""SLM Gated"", 2470, 1], [""Reviewer Pattern"", 4086, 2]]","[""base""]",0,c8ec734
Perform a Financial Audit on transaction log FCD-2026.,"[[""Hierarchical"", 2309, 1], [""SLM Gated"", 2476, 1], [""Reviewer Pattern"", 3569, 2]]","[""base""]",0,c8ec734
Perform a Financial Audit on transaction log FCD-2026.,"[[""Hierarchical"", 2406, 1], [""SLM Gated"", 2520, 1], [""Reviewer Pattern"", 3824, 2]]","[""base""]",0,c8ec734
Perform a Financial Audit on transaction log FCD-2026.,"[[""Hierarchical"", 2392, 1], [""SLM Gated"", 2196, 1], [""Reviewer Pattern"", 3900, 2]]","[""base""]",0,c8ec734
Perform a Financial Audit on transaction log FCD-2026.,"[[""Hierarchical"", 2253, 1], [""SLM Gated"", 2297, 1], [""Reviewer Pattern"", 3709, 2]]","[""base""]",0,c8ec734
Perform a Financial Audit on transaction log FCD-2026.,"[[""Hierarchical"", 2382, 1], [""SLM Gated"", 2370, 1], [""Reviewer Pattern"", 3960, 2]]","[""base""]",0,c8ec734
Perform a Financial Audit on transaction log FCD-2026.,"[[""Hierarchical"", 2082, 1], [""SLM Gated"", 2246, 1], [""Reviewer Pattern"", 4433, 2]]","[""base""]",0,c8ec734
Perform a Financial Audit on transaction log FCD-2026.,"[[""Hierarchical"", 2712, 1], [""SLM Gated"", 2142, 1], [""Reviewer Pattern"", 4009, 2]]","[""base""]",0,c8ec734
Perform a Financial Audit on transaction log FCD-2026.,"[[""Hierarchical"", 2206, 1], [""SLM Gated"", 2477, 1], [""Reviewer Pattern"", 3855, 2]]","[""base""]",0,c8ec734
Perform a Financial Audit on transaction log FCD-2026.,"[[""Hierarchical"", 2574, 1], [""SLM Gated"", 2299, 1], [""Reviewer Pattern"", 3825, 2]]","[""base""]",0,c8ec734
Perform a Financial Audit on transaction log FCD-2026.,"[[""Hierarchical"", 2152, 1], [""SLM Gated"", 2320, 1], [""Reviewer Pattern"", 4306, 2]]","[""base""]",0,c8ec734
Perform a Financial Audit on transaction log FCD-2026.,"[[""Hierarchical"", 2093, 1], [""SLM Gated"", 2280, 1], [""Reviewer Pattern"", 4069, 2]]","[""base""]",0,c8ec734
Perform a Financial Audit on transaction log FCD-2026.,"[[""Hierarchical"", 2299, 1], [""SLM Gated"", 2113, 1], [""Reviewer Pattern"", 3766, 2]]","[""base""]",0,c8ec734
Perform a Financial Audit on transaction log FCD-2026.,"[[""Hierarchical"", 2597, 1], [""SLM Gated"", 2594, 1], [""Reviewer Pattern"", 3508, 2]]","[""base""]",0,c8ec734
Perform a Financial Audit on transaction log FCD-2026.,"[[""Hierarchical"", 2184, 1], [""SLM Gated"", 2676, 1], [""Reviewer Pattern"", 3605, 2]]","[""base""]",0,c8ec734
Perform a Financial Audit on transaction log FCD-2026.,"[[""Hierarchical"", 2429, 1], [""SLM Gated"", 2236, 1], [""Reviewer Pattern"", 3744, 2]]","[""base""]",0,c8ec734
Perform a Financial Audit on transaction log FCD-2026.,"[[""Hierarchical"", 2428, 1], [""SLM Gated"", 2246, 1], [""Reviewer Pattern"", 4439, 2]]","[""base""]",0,c8ec734
Perform a Financial Audit on transaction log FCD-2026.,"[[""Hierarchical"", 2281, 1], [""SLM Gated"", 2702, 1], [""Reviewer Pattern"", 3770, 2]]","[""base""]",0,c8ec734
Perform a Financial Audit on transaction log FCD-2026.,"[[""Hierarchical"", 2107, 1], [""SLM Gated"", 2183, 1], [""Reviewer Pattern"", 3461, 2]]","[""base""]",0,c8ec734
Perform a Financial Audit on transaction log FCD-2026.,"[[""Hierarchical"", 2385, 1], [""SLM Gated"", 2547, 1], [""Reviewer Pattern"", 3272, 2]]","[""base""]",0,c8ec734
Perform a Financial Audit on transaction log FCD-2026.,"[[""Hierarchical"", 2546, 1], [""SLM Gated"", 2395, 1], [""Reviewer Pattern"", 3665, 2]]","[""base""]",0,c8ec734
Perform a Financial Audit on transaction log FCD-2026.,"[[""Hierarchical"", 2101, 1], [""SLM Gated"", 2238, 1], [""Reviewer Pattern"", 3873, 2]]","[""base""]",0,c8ec734
Perform a Financial Audit on transaction log FCD-2026.,"[[""Hierarchical"", 2433, 1], [""SLM Gated"", 2288, 1], [""Reviewer Pattern"", 3280, 2]]","[""base""]",0,c8ec734
Perform a Financial Audit on transaction log FCD-2026.,"[[""Hierarchical"", 2302, 1], [""SLM Gated"", 2263, 1], [""Reviewer Pattern"", 3662, 2]]","[""base""]",0,c8ec734
Perform a Financial Audit on transaction log FCD-2026.,"[[""Hierarchical"", 2460, 1], [""SLM Gated"", 2240, 1], [""Reviewer Pattern"", 4022, 2]]","[""base""]",0,c8ec734
Perform a Financial Audit on transaction log FCD-2026.,"[[""Hierarchical"", 2700, 1], [""SLM Gated"", 2253, 1], [""Reviewer Pattern"", 3545, 2]]","[""base""]",0,c8ec734
Perform a Financial Audit on transaction log FCD-2026.,"[[""Hierarchical"", 2152, 1], [""SLM Gated"", 2808, 1], [""Reviewer Pattern"", 4309, 2]]","[""base""]",0,c8ec734
Perform a Financial Audit on transaction log FCD-2026.,"[[""Hierarchical"", 2366, 1], [""SLM Gated"", 2238, 1], [""Reviewer Pattern"", 4198, 2]]","[""base""]",0,c8ec734
Perform a Financial Audit on transaction log FCD-2026.,"[[""Hierarchical"", 2510, 1], [""SLM Gated"", 2373, 1], [""Reviewer Pattern"", 4407, 2]]","[""base""]",0,c8ec734
Perform a Financial Audit on transaction log FCD-2026.,"[[""Hierarchical"", 2462, 1], [""SLM Gated"", 2483, 1], [""Reviewer Pattern"", 3733, 2]]","[""base""]",0,c8ec734
Perform a Financial Audit on transaction log FCD-2026.,"[[""Hierarchical"", 2567, 1], [""SLM Gated"", 2389, 1], [""Reviewer Pattern"", 4073, 2]]","[""base""]",0,c8ec734
Perform a Financial Audit on transaction log FCD-2026.,"[[""Hierarchical"", 2198, 1], [""SLM Gated"", 2445, 1], [""Reviewer Pattern"", 4424, 2]]","[""base""]",0,c8ec734
Perform a Financial Audit on transaction log FCD-2026.,"[[""Hierarchical"", 2073, 1], [""SLM Gated"", 2368, 1], [""Reviewer Pattern"", 4211, 2]]","[""base""]",0,c8ec734
Perform a Financial Audit on transaction log FCD-2026.,"[[""Hierarchical"", 2398, 1], [""SLM Gated"", 2175, 1], [""Reviewer Pattern"", 3991, 2]]","[""base""]",0,c8ec734
Perform a Financial Audit on transaction log FCD-2026.,"[[""Hierarchical"", 2124, 1], [""SLM Gated"", 2225, 1], [""Reviewer Pattern"", 3876, 2]]","[""base""]",0,c8ec734
Perform a Financial Audit on transaction log FCD-2026.,"[[""Hierarchical"", 2733, 1], [""SLM Gated"", 2179, 1], [""Reviewer Pattern"", 4340, 2]]","[""base""]",0,c8ec734
Perform a Financial Audit on transaction log FCD-2026.,"[[""Hierarchical"", 2602, 1], [""SLM Gated"", 2459, 1], [""Reviewer Pattern"", 3666, 2]]","[""base""]",0,c8ec734
Perform a Financial Audit on transaction log FCD-2026.,"[[""Hierarchical"", 2498, 1], [""SLM Gated"", 2372, 1], [""Reviewer Pattern"", 3465, 2]]","[""base""]",0,c8ec734
Perform a Financial Audit on transaction log FCD-2026.,"[[""Hierarchical"", 2359, 1], [""SLM Gated"", 2482, 1], [""Reviewer Pattern"", 3942, 2]]","[""base""]",0,c8ec734
Perform a Financial Audit on transaction log FCD-2026.,"[[""Hierarchical"", 2212, 1], [""SLM Gated"", 2437, 1], [""Reviewer Pattern"", 3811, 2]]","[""base""]",0,c8ec734
Perform a Financial Audit on transaction log FCD-2026.,"[[""Hierarchical"", 2705, 1], [""SLM Gated"", 2274, 1], [""Reviewer Pattern"", 4224, 2]]","[""base""]",0,c8ec734
Perform a Financial Audit on transaction log FCD-2026.,"[[""Hierarchical"", 2710, 1], [""SLM Gated"", 2168, 1], [""Reviewer Pattern"", 4123, 2]]","[""base""]",0,c8ec734
Perform a Financial Audit on transaction log FCD-2026.,"[[""Hierarchical"", 2328, 1], [""SLM Gated"", 2301, 1], [""Reviewer Pattern"", 4232, 2]]","[""base""]",0,c8ec734
Perform a Financial Audit on transaction log FCD-2026.,"[[""Hierarchical"", 2314, 1], [""SLM Gated"", 2238, 1], [""Reviewer Pattern"", 3638, 2]]","[""base""]",0,c8ec734
Perform a Financial Audit on transaction log FCD-2026.,"[[""Hierarchical"", 2713, 1], [""SLM Gated"", 2238, 1], [""Reviewer Pattern"", 3824, 2]]","[""base""]",0,c8ec734
Perform a Financial Audit on transaction log FCD-2026.,"[[""Hierarchical"", 2520, 1], [""SLM Gated"", 2235, 1], [""Reviewer Pattern"", 4272, 2]]","[""base""]",0,c8ec734
Perform a Financial Audit on transaction log FCD-2026.,"[[""Hierarchical"", 2534, 1], [""SLM Gated"", 2331, 1], [""Reviewer Pattern"", 3745, 2]]","[""base""]",0,c8ec734
Perform a Financial Audit on transaction log FCD-2026.,"[[""Hierarchical"", 2492, 1], [""SLM Gated"", 2297, 1], [""Reviewer Pattern"", 4315, 2]]","[""base""]",0,c8ec734
Perform a Financial Audit on transaction log FCD-2026.,"[[""Hierarchical"", 2120, 1], [""SLM Gated"", 2295, 1], [""Reviewer Pattern"", 4528, 2]]","[""base""]",0,c8ec734
Perform a Financial Audit on transaction log FCD-2026.,"[[""Hierarchical"", 2493, 1], [""SLM Gated"", 2715, 1], [""Reviewer Pattern"", 4077, 2]]","[""base""]",0,c8ec734
Perform a Financial Audit on transaction log FCD-2026.,"[[""Hierarchical"", 2657, 1], [""SLM Gated"", 2290, 1], [""Reviewer Pattern"", 3780, 2]]","[""base""]",0,c8ec734
Perform a Financial Audit on transaction log FCD-2026.,"[[""Hierarchical"", 2606, 1], [""SLM Gated"", 2229, 1], [""Reviewer Pattern"", 3976, 2]]","[""base""]",0,c8ec734
Perform a Financial Audit on transaction log FCD-2026.,"[[""Hierarchical"", 2603, 1], [""SLM Gated"", 2252, 1], [""Reviewer Pattern"", 3860, 2]]","[""base""]",0,c8ec734
Perform a Financial Audit on transaction log FCD-2026.,"[[""Hierarchical"", 2389, 1], [""SLM Gated"", 2246, 1], [""Reviewer Pattern"", 3892, 2]]","[""base""]",0,c8ec734
Perform a Financial Audit on transaction log FCD-2026.,"[[""Hierarchical"", 2074, 1], [""SLM Gated"", 2299, 1], [""Reviewer Pattern"", 3211, 2]]","[""base""]",0,c8ec734
Perform a Financial Audit on transaction log FCD-2026.,"[[""Hierarchical"", 2664, 1], [""SLM Gated"", 2447, 1], [""Reviewer Pattern"", 3727, 2]]","[""base""]",0,c8ec734
Perform a Financial Audit on transaction log FCD-2026.,"[[""Hierarchical"", 2196, 1], [""SLM Gated"", 2268, 1], [""Reviewer Pattern"", 3309, 2]]","[""base""]",0,c8ec734
Perform a Financial Audit on transaction log FCD-2026.,"[[""Hierarchical"", 2269, 1], [""SLM Gated"", 2235, 1], [""Reviewer Pattern"", 4146, 2]]","[""base""]",0,c8ec734
Perform a Financial Audit on transaction log FCD-2026.,"[[""Hierarchical"", 2175, 1], [""SLM Gated"", 2439, 1], [""Reviewer Pattern"", 4250, 2]]","[""base""]",0,c8ec734
Perform a Financial Audit on transaction log FCD-2026.,"[[""Hierarchical"", 2523, 1], [""SLM Gated"", 2328, 1], [""Reviewer Pattern"", 3494, 2]]","[""base""]",0,c8ec734
Perform a Financial Audit on transaction log FCD-2026.,"[[""Hierarchical"", 2298, 1], [""SLM Gated"", 2424, 1], [""Reviewer Pattern"", 4451, 2]]","[""base""]",0,c8ec734
Perform a Financial Audit on transaction log FCD-2026.,"[[""Hierarchical"", 2222, 1], [""SLM Gated"", 2651, 1], [""Reviewer Pattern"", 4016, 2]]","[""base""]",0,c8ec734
Perform a Financial Audit on transaction log FCD-2026.,"[[""Hierarchical"", 2082, 1], [""SLM Gated"", 2739, 1], [""Reviewer Pattern"", 3860, 2]]","[""base""]",0,c8ec734
Perform a Financial Audit on transaction log FCD-2026.,"[[""Hierarchical"", 2276, 1], [""SLM Gated"", 2515, 1], [""Reviewer Pattern"", 3806, 2]]","[""base""]",0,c8ec734
Perform a Financial Audit on transaction log FCD-2026.,"[[""Hierarchical"", 2475, 1], [""SLM Gated"", 2318, 1], [""Reviewer Pattern"", 3933, 2]]","[""base""]",0,c8ec734
Perform a Financial Audit on transaction log FCD-2026.,"[[""Hierarchical"", 2229, 1], [""SLM Gated"", 2334, 1], [""Reviewer Pattern"", 3768, 2]]","[""base""]",0,c8ec734
Perform a Financial Audit on transaction log FCD-2026.,"[[""Hierarchical"", 2136, 1], [""SLM Gated"", 2539, 1], [""Reviewer Pattern"", 3760, 2]]","[""base""]",0,c8ec734
Perform a Financial Audit on transaction log FCD-2026.,"[[""Hierarchical"", 2451, 1], [""SLM Gated"", 2229, 1], [""Reviewer Pattern"", 3803, 2]]","[""base""]",0,c8ec734
Perform a Financial Audit on transaction log FCD-2026.,"[[""Hierarchical"", 2259, 1], [""SLM Gated"", 2183, 1], [""Reviewer Pattern"", 3445, 2]]","[""base""]",0,c8ec734
Perform a Financial Audit on transaction log FCD-2026.,"[[""Hierarchical"", 2374, 1], [""SLM Gated"", 2297, 1], [""Reviewer Pattern"", 3805, 2]]","[""base""]",0,c8ec734
Perform a Financial Audit on transaction log FCD-2026.,"[[""Hierarchical"", 2285, 1], [""SLM Gated"", 2197, 1], [""Reviewer Pattern"", 4089, 2]]","[""base""]",0,c8ec734
Perform a Financial Audit on transaction log FCD-2026.,"[[""Hierarchical"", 2615, 1], [""SLM Gated"", 2460, 1], [""Reviewer Pattern"", 3635, 2]]","[""base""]",0,c8ec734
Perform a Financial Audit on transaction log FCD-2026.,"[[""Hierarchical"", 2294, 1], [""SLM Gated"", 2392, 1], [""Reviewer Pattern"", 3890, 2]]","[""base""]",0,c8ec734
Perform a Financial Audit on transaction log FCD-2026.,"[[""Hierarchical"", 2435, 1], [""SLM Gated"", 2439, 1], [""Reviewer Pattern"", 3998, 2]]","[""base""]",0,c8ec734
Perform a Financial Audit on transaction log FCD-2026.,"[[""Hierarchical"", 2622, 1], [""SLM Gated"", 2455, 1], [""Reviewer Pattern"", 4324, 2]]","[""base""]",0,c8ec734
Perform a Financial Audit on transaction log FCD-2026.,"[[""Hierarchical"", 2182, 1], [""SLM Gated"", 2215, 1], [""Reviewer Pattern"", 3452, 2]]","[""base""]",0,c8ec734
Perform a Financial Audit on transaction log FCD-2026.,"[[""Hierarchical"", 2538, 1], [""SLM Gated"", 2508, 1], [""Reviewer Pattern"", 3550, 2]]","[""base""]",0,c8ec734
Perform a Financial Audit on transaction log FCD-2026.,"[[""Hierarchical"", 2252, 1], [""SLM Gated"", 2746, 1], [""Reviewer Pattern"", 4084, 2]]","[""base""]",0,c8ec734
Perform a Financial Audit on transaction log FCD-2026.,"[[""Hierarchical"", 2121, 1], [""SLM Gated"", 2515, 1], [""Reviewer Pattern"", 3805, 2]]","[""base""]",0,c8ec734
Perform a Financial Audit on transaction log FCD-2026.,"[[""Hierarchical"", 2552, 1], [""SLM Gated"", 2166, 1], [""Reviewer Pattern"", 3590, 2]]","[""base""]",0,c8ec734
Perform a Financial Audit on transaction log FCD-2026.,"[[""Hierarchical"", 2316, 1], [""SLM Gated"", 2361, 1], [""Reviewer Pattern"", 3693, 2]]","[""base""]",0,c8ec734
Perform a Financial Audit on transaction log FCD-2026.,"[[""Hierarchical"", 2127, 1], [""SLM Gated"", 2260, 1], [""Reviewer Pattern"", 4226, 2]]","[""base""]",0,c8ec734
Perform a Financial Audit on transaction log FCD-2026.,"[[""Hierarchical"", 2372, 1], [""SLM Gated"", 2286, 1], [""Reviewer Pattern"", 3615, 2]]","[""base""]",0,c8ec734
Perform a Financial Audit on transaction log FCD-2026.,"[[""Hierarchical"", 2326, 1], [""SLM Gated"", 2282, 1], [""Reviewer Pattern"", 4130, 2]]","[""base""]",0,c8ec734
Perform a Financial Audit on transaction log FCD-2026.,"[[""Hierarchical"", 2407, 1], [""SLM Gated"", 2520, 1], [""Reviewer Pattern"", 3933, 2]]","[""base""]",0,c8ec734
Perform a Financial Audit on transaction log FCD-2026.,"[[""Hierarchical"", 2121, 1], [""SLM Gated"", 2263, 1], [""Reviewer Pattern"", 3916, 2]]","[""base""]",0,c8ec734
Perform a Financial Audit on transaction log FCD-2026.,"[[""Hierarchical"", 2228, 1], [""SLM Gated"", 2676, 1], [""Reviewer Pattern"", 3875, 2]]","[""base""]",0,c8ec734
Perform a Financial Audit on transaction log FCD-2026.,"[[""Hierarchical"", 2405, 1], [""SLM Gated"", 2212, 1], [""Reviewer Pattern"", 3775, 2]]","[""base""]",0,c8ec734
Perform a Financial Audit on transaction log FCD-2026.,"[[""Hierarchical"", 2058, 1], [""SLM Gated"", 2227, 1], [""Reviewer Pattern"", 3832, 2]]","[""base""]",0,c8ec734
Perform a Financial Audit on transaction log FCD-2026.,"[[""Hierarchical"", 2187, 1], [""SLM Gated"", 2343, 1], [""Reviewer Pattern"", 3625, 2]]","[""base""]",0,c8ec734
Perform a Financial Audit on transaction log FCD-2026.,"[[""Hierarchical"", 2368, 1], [""SLM Gated"", 2321, 1], [""Reviewer Pattern"", 3929, 2]]","[""base""]",0,c8ec734
Perform a Financial Audit on transaction log FCD-2026.,"[[""Hierarchical"", 2353, 1], [""SLM Gated"", 2507, 1], [""Reviewer Pattern"", 4510, 2]]","[""base""]",0,c8ec734
Perform a Financial Audit on transaction log FCD-2026.,"[[""Hierarchical"", 2544, 1], [""SLM Gated"", 2696, 1], [""Reviewer Pattern"", 3647, 2]]","[""base""]",0,c8ec734
Perform a Financial Audit on transaction log FCD-2026.,"[[""Hierarchical"", 2136, 1], [""SLM Gated"", 2643, 1], [""Reviewer Pattern"", 3745, 2]]","[""base""]",0,c8ec734
Perform a Financial Audit on transaction log FCD-2026.,"[[""Hierarchical"", 2231, 1], [""SLM Gated"", 2221, 1], [""Reviewer Pattern"", 3849, 2]]","[""base""]",0,c8ec734
Perform a Financial Audit on transaction log FCD-2026.,"[[""Hierarchical"", 2234, 1], [""SLM Gated"", 2662, 1], [""Reviewer Pattern"", 3599, 2]]","[""base""]",0,c8ec734
Perform a Financial Audit on transaction log FCD-2026.,"[[""Hierarchical"", 2491, 1], [""SLM Gated"", 2278, 1], [""Reviewer Pattern"", 3970, 2]]","[""base""]",0,c8ec734
Perform a Financial Audit on transaction log FCD-2026.,"[[""Hierarchical"", 2472, 1], [""SLM Gated"", 2192, 1], [""Reviewer Pattern"", 4175, 2]]","[""base""]",0,c8ec734
Perform a Financial Audit on transaction log FCD-2026.,"[[""Hierarchical"", 2403, 1], [""SLM Gated"", 2280, 1], [""Reviewer Pattern"", 3807, 2]]","[""base""]",0,c8ec734
Perform a Financial Audit on transaction log FCD-2026.,"[[""Hierarchical"", 2372, 1], [""SLM Gated"", 2211, 1], [""Reviewer Pattern"", 4397, 2]]","[""base""]",0,c8ec734
Perform a Financial Audit on transaction log FCD-2026.,"[[""Hierarchical"", 2340, 1], [""SLM Gated"", 2662, 1], [""Reviewer Pattern"", 3776, 2]]","[""base""]",0,c8ec734
Perform a Financial Audit on transaction log FCD-2026.,"[[""Hierarchical"", 2270, 1], [""SLM Gated"", 2108, 1], [""Reviewer Pattern"", 3609, 2]]","[""base""]",0,c8ec734
Perform a Financial Audit on transaction log FCD-2026.,"[[""Hierarchical"", 2470, 1], [""SLM Gated"", 2658, 1], [""Reviewer Pattern"", 3843, 2]]","[""base""]",0,c8ec734
Perform a Financial Audit on transaction log FCD-2026.,"[[""Hierarchical"", 2530, 1], [""SLM Gated"", 2413, 1], [""Reviewer Pattern"", 3920, 2]]","[""base""]",0,c8ec734
Perform a Financial Audit on transaction log FCD-2026.,"[[""Hierarchical"", 2412, 1], [""SLM Gated"", 2267, 1], [""Reviewer Pattern"", 3723, 2]]","[""base""]",0,c8ec734
Perform a Financial Audit on transaction log FCD-2026.,"[[""Hierarchical"", 2329, 1], [""SLM Gated"", 2361, 1], [""Reviewer Pattern"", 4114, 2]]","[""base""]",0,c8ec734
Perform a Financial Audit on transaction log FCD-2026.,"[[""Hierarchical"", 2474, 1], [""SLM Gated"", 2352, 1], [""Reviewer Pattern"", 4280, 2]]","[""base""]",0,c8ec734
Perform a Financial Audit on transaction log FCD-2026.,"[[""Hierarchical"", 2293, 1], [""SLM Gated"", 2558, 1], [""Reviewer Pattern"", 4239, 2]]","[""base""]",0,c8ec734
Perform a Financial Audit on transaction log FCD-2026.,"[[""Hierarchical"", 2836, 1], [""SLM Gated"", 2434, 1], [""Reviewer Pattern"", 3467, 2]]","[""base""]",0,c8ec734
Perform a Financial Audit on transaction log FCD-2026.,"[[""Hierarchical"", 2365, 1], [""SLM Gated"", 2363, 1], [""Reviewer Pattern"", 3716, 2]]","[""base""]",0,c8ec734
Perform a Financial Audit on transaction log FCD-2026.,"[[""Hierarchical"", 2330, 1], [""SLM Gated"", 2256, 1], [""Reviewer Pattern"", 4240, 2]]","[""base""]",0,c8ec734
Perform a Financial Audit on transaction log FCD-2026.,"[[""Hierarchical"", 2499, 1], [""SLM Gated"", 2780, 1], [""Reviewer Pattern"", 4049, 2]]","[""base""]",0,c8ec734
Perform a Financial Audit on transaction log FCD-2026.,"[[""Hierarchical"", 2304, 1], [""SLM Gated"", 2192, 1], [""Reviewer Pattern"", 3868, 2]]","[""base""]",0,c8ec734
Perform a Financial Audit on transaction log FCD-2026.,"[[""Hierarchical"", 2246, 1], [""SLM Gated"", 2212, 1], [""Reviewer Pattern"", 4049, 2]]","[""base""]",0,c8ec734
Perform a Financial Audit on transaction log FCD-2026.,"[[""Hierarchical"", 2286, 1], [""SLM Gated"", 2217, 1], [""Reviewer Pattern"", 3889, 2]]","[""base""]",0,c8ec734
Perform a Financial Audit on transaction log FCD-2026.,"[[""Hierarchical"", 2425, 1], [""SLM Gated"", 2602, 1], [""Reviewer Pattern"", 3904, 2]]","[""base""]",0,c8ec734
Perform a Financial Audit on transaction log FCD-2026.,"[[""Hierarchical"", 2230, 1], [""SLM Gated"", 2222, 1], [""Reviewer Pattern"", 4087, 2]]","[""base""]",0,c8ec734
Perform a Financial Audit on transaction log FCD-2026.,"[[""Hierarchical"", 2259, 1], [""SLM Gated"", 2243, 1], [""Reviewer Pattern"", 3944, 2]]","[""base""]",0,c8ec734
Perform a Financial Audit on transaction log FCD-2026.,"[[""Hierarchical"", 1861, 1], [""SLM Gated"", 2179, 1], [""Reviewer Pattern"", 4367, 2]]","[""base""]",0,c8ec734
Perform a Financial Audit on transaction log FCD-2026.,"[[""Hierarchical"", 2389, 1], [""SLM Gated"", 2283, 1], [""Reviewer Pattern"", 3621, 2]]","[""base""]",0,c8ec734
Perform a Financial Audit on transaction log FCD-2026.,"[[""Hierarchical"", 2571, 1], [""SLM Gated"", 2689, 1], [""Reviewer Pattern"", 4287, 2]]","[""base""]",0,c8ec734
Perform a Financial Audit on transaction log FCD-2026.,"[[""Hierarchical"", 2611, 1], [""SLM Gated"", 2499, 1], [""Reviewer Pattern"", 3627, 2]]","[""base""]",0,c8ec734
Perform a Financial Audit on transaction log FCD-2026.,"[[""Hierarchical"", 2403, 1], [""SLM Gated"", 2216, 1], [""Reviewer Pattern"", 4343, 2]]","[""base""]",0,c8ec734
Perform a Financial Audit on transaction log FCD-2026.,"[[""Hierarchical"", 2545, 1], [""SLM Gated"", 2264, 1], [""Reviewer Pattern"", 3573, 2]]","[""base""]",0,c8ec734
Perform a Financial Audit on transaction log FCD-2026.,"[[""Hierarchical"", 2476, 1], [""SLM Gated"", 2376, 1], [""Reviewer Pattern"", 3303, 2]]","[""base""]",0,c8ec734
Perform a Financial Audit on transaction log FCD-2026.,"[[""Hierarchical"", 2271, 1], [""SLM Gated"", 2212, 1], [""Reviewer Pattern"", 4148, 2]]","[""base""]",0,c8ec734
Perform a Financial Audit on transaction log FCD-2026.,"[[""Hierarchical"", 2183, 1], [""SLM Gated"", 2317, 1], [""Reviewer Pattern"", 4157, 2]]","[""base""]",0,c8ec734
Perform a Financial Audit on transaction log FCD-2026.,"[[""Hierarchical"", 2511, 1], [""SLM Gated"", 2560, 1], [""Reviewer Pattern"", 3814, 2]]","[""base""]",0,c8ec734
Perform a Financial Audit on transaction log FCD-2026.,"[[""Hierarchical"", 2265, 1], [""SLM Gated"", 2469, 1], [""Reviewer Pattern"", 4237, 2]]","[""base""]",0,c8ec734
Perform a Financial Audit on transaction log FCD-2026.,"[[""Hierarchical"", 2439, 1], [""SLM Gated"", 2375, 1], [""Reviewer Pattern"", 3670, 2]]","[""base""]",0,c8ec734
Perform a Financial Audit on transaction log FCD-2026.,"[[""Hierarchical"", 2242, 1], [""SLM Gated"", 2374, 1], [""Reviewer Pattern"", 3716, 2]]","[""base""]",0,c8ec734
Perform a Financial Audit on transaction log FCD-2026.,"[[""Hierarchical"", 2168, 1], [""SLM Gated"", 2249, 1], [""Reviewer Pattern"", 3918, 2]]","[""base""]",0,c8ec734
Perform a Financial Audit on transaction log FCD-2026.,"[[""Hierarchical"", 2488, 1], [""SLM Gated"", 2224, 1], [""Reviewer Pattern"", 3655, 2]]","[""base""]",0,c8ec734
Perform a Financial Audit on transaction log FCD-2026.,"[[""Hierarchical"", 2607, 1], [""SLM Gated"", 2246, 1], [""Reviewer Pattern"", 3525, 2]]","[""base""]",0,c8ec734
Perform a Financial Audit on transaction log FCD-2026.,"[[""Hierarchical"", 2405, 1], [""SLM Gated"", 2277, 1], [""Reviewer Pattern"", 4003, 2]]","[""base""]",0,c8ec734
Perform a Financial Audit on transaction log FCD-2026.,"[[""Hierarchical"", 2191, 1], [""SLM Gated"", 2449, 1], [""Reviewer Pattern"", 4224, 2]]","[""base""]",0,c8ec734
Perform a Financial Audit on transaction log FCD-2026.,"[[""Hierarchical"", 2590, 1], [""SLM Gated"", 2587, 1], [""Reviewer Pattern"", 4173, 2]]","[""base""]",0,c8ec734
Perform a Financial Audit on transaction log FCD-2026.,"[[""Hierarchical"", 2338, 1], [""SLM Gated"", 2586, 1], [""Reviewer Pattern"", 3595, 2]]","[""base""]",0,c8ec734
Perform a Financial Audit on transaction log FCD-2026.,"[[""Hierarchical"", 2233, 1], [""SLM Gated"", 2240, 1], [""Reviewer Pattern"", 3594, 2]]","[""base""]",0,c8ec734
Perform a Financial Audit on transaction log FCD-2026.,"[[""Hierarchical"", 2554, 1], [""SLM Gated"", 2464, 1], [""Reviewer Pattern"", 3461, 2]]","[""base""]",0,c8ec734
Perform a Financial Audit on transaction log FCD-2026.,"[[""Hierarchical"", 2357, 1], [""SLM Gated"", 2332, 1], [""Reviewer Pattern"", 3487, 2]]","[""base""]",0,c8ec734
